idPatrimonio,unidadeImplantou,dependencia,unidadeSetor,sigilo,situacao,cdClasse,dsClasse,contaContabil,subElemento,descricao,quantidade,valorAtualizado,VlDeprecAmortAcumulada,ValorResidual,TempodeUsomeses,VidaUtilmeses,nrPn,nrSerie,dataImplantacao,DetentorCarga
2471736,N/A,TNMT,DACTA IV,Ostensivo,Em Uso,7010,CONFIGURAÇÃO DE SISTEMA AUTOMATIZADO DE PROCESSAMENTO DE DADOS,1.2.3.1.1.02.01 - EQUIPAMENTOS DE PROCESSAMENTO DE DADOS,41 - Equipamentos de TIC – computadores,"MONITOR DATEN LED 23,8 PT FHD DM238 PPB (NF 000.095.649)",1,666.73,50,66.67,5,60,N/A,,04/03/2026,SEM DETENTOR
2471735,N/A,TNMT,DACTA IV,Ostensivo,Em Uso,7010,CONFIGURAÇÃO DE SISTEMA AUTOMATIZADO DE PROCESSAMENTO DE DADOS,1.2.3.1.1.02.01 - EQUIPAMENTOS DE PROCESSAMENTO DE DADOS,41 - Equipamentos de TIC – computadores,"MONITOR DATEN LED 23,8 PT FHD DM238 PPB (NF 000.095.649)",1,666.73,50,66.67,5,60,N/A,,04/03/2026,SEM DETENTOR
2471562,N/A,TNMT,DACTA IV,Ostensivo,Em Uso,7010,CONFIGURAÇÃO DE SISTEMA AUTOMATIZADO DE PROCESSAMENTO DE DADOS,1.2.3.1.1.02.01 - EQUIPAMENTOS DE PROCESSAMENTO DE DADOS,41 - Equipamentos de TIC – computadores,"MICROCOMPUTADOR, MEMORIA RAM 4 A 8 GB, NUCLEOS POR PROCESSADOR 4 A 8, ARMAZENAMENTO HDD SEM DISCO HDD GB, ARMAZENAMENTO SSD 110 A 300, COMPONENTES ADICIONAIS COM TECLADO E MOUSE, SISTEMA OPERACIONAL OPEN SOURCE, GARANTIA ON SITE SUPERIOR A 36 MESES, GABINETE ULTRACOMPACTO (NF 000.095.649)",1,3464.27,259.8,346.43,5,60,N/A,,04/03/2026,SEM DETENTOR
2471561,N/A,TNMT,DACTA IV,Ostensivo,Em Uso,7010,CONFIGURAÇÃO DE SISTEMA AUTOMATIZADO DE PROCESSAMENTO DE DADOS,1.2.3.1.1.02.01 - EQUIPAMENTOS DE PROCESSAMENTO DE DADOS,41 - Equipamentos de TIC – computadores,"MICROCOMPUTADOR, MEMORIA RAM 4 A 8 GB, NUCLEOS POR PROCESSADOR 4 A 8, ARMAZENAMENTO HDD SEM DISCO HDD GB, ARMAZENAMENTO SSD 110 A 300, COMPONENTES ADICIONAIS COM TECLADO E MOUSE, SISTEMA OPERACIONAL OPEN SOURCE, GARANTIA ON SITE SUPERIOR A 36 MESES, GABINETE ULTRACOMPACTO (NF 000.095.649)",1,3464.27,259.8,346.43,5,60,N/A,,04/03/2026,SEM DETENTOR
2364279,N/A,TNMT,DACTA IV,Ostensivo,Em Uso,6695,INSTRUMENTOS COMBINADOS DIVERSOS,"1.2.3.1.1.01.15 - EQUIPAMENTOS, PEÇAS E ACESSÓRIOS DE PROTEÇÃO AO VÔO","56 - EQUIPAMENTOS, PEÇAS E ACESSÓRIOS DE PROTEÇÃO AO VÔO",ESTACAO METEOROLOGICA DE SUPERFICIE (NF 000.003.698),1,1089000,59.84,108900,22,360,N/A,,09/10/2024,SEM DETENTOR
2364277,N/A,TNMT,DACTA IV,Ostensivo,Em Uso,6695,INSTRUMENTOS COMBINADOS DIVERSOS,"1.2.3.1.1.01.15 - EQUIPAMENTOS, PEÇAS E ACESSÓRIOS DE PROTEÇÃO AO VÔO","56 - EQUIPAMENTOS, PEÇAS E ACESSÓRIOS DE PROTEÇÃO AO VÔO",ESTACAO METEOROLOGICA DE SUPERFICIE (NF 000.003.698),1,1067220,59.84,108900,22,360,N/A,,09/10/2024,SEM DETENTOR
2333899,N/A,TNMT,DACTA IV,Ostensivo,Em Uso,7110,MOBILIÁRIO PARA ESCRITÓRIO,1.2.3.1.1.03.03 - MOBILIÁRIO EM GERAL,42 - MOBILIÁRIO EM GERAL,CADEIRA CAIXA TIPO ALTA COM BRAÇOS (EMPENHO: 2023NE002737),1,1123,227.34,112.3,27,120,N/A,,06/05/2024,SEM DETENTOR
2333898,N/A,TNMT,DACTA IV,Ostensivo,Em Uso,7110,MOBILIÁRIO PARA ESCRITÓRIO,1.2.3.1.1.03.03 - MOBILIÁRIO EM GERAL,42 - MOBILIÁRIO EM GERAL,CADEIRA CAIXA TIPO ALTA COM BRAÇOS (EMPENHO: 2023NE002737),1,1123,227.34,112.3,27,120,N/A,,06/05/2024,SEM DETENTOR
2331739,N/A,TNMT,DACTA IV,Ostensivo,Em Uso,7110,MOBILIÁRIO PARA ESCRITÓRIO,1.2.3.1.1.03.03 - MOBILIÁRIO EM GERAL,42 - MOBILIÁRIO EM GERAL,POLTRONA ESPALDAR ALTO GIRATÓRIA COM BRAÇOS (EMPENHO: 2023NE002737),1,1117,234.64,111.7,28,120,N/A,,24/04/2024,SEM DETENTOR
2331738,N/A,TNMT,DACTA IV,Ostensivo,Em Uso,7110,MOBILIÁRIO PARA ESCRITÓRIO,1.2.3.1.1.03.03 - MOBILIÁRIO EM GERAL,42 - MOBILIÁRIO EM GERAL,POLTRONA ESPALDAR ALTO GIRATÓRIA COM BRAÇOS (EMPENHO: 2023NE002737),1,1117,234.64,111.7,28,120,N/A,,24/04/2024,SEM DETENTOR
2331737,N/A,TNMT,DACTA IV,Ostensivo,Em Uso,7110,MOBILIÁRIO PARA ESCRITÓRIO,1.2.3.1.1.03.03 - MOBILIÁRIO EM GERAL,42 - MOBILIÁRIO EM GERAL,POLTRONA ESPALDAR ALTO GIRATÓRIA COM BRAÇOS (EMPENHO: 2023NE002737),1,1117,234.64,111.7,28,120,N/A,,24/04/2024,SEM DETENTOR
2331736,N/A,TNMT,DACTA IV,Ostensivo,Em Uso,7110,MOBILIÁRIO PARA ESCRITÓRIO,1.2.3.1.1.03.03 - MOBILIÁRIO EM GERAL,42 - MOBILIÁRIO EM GERAL,POLTRONA ESPALDAR ALTO GIRATÓRIA COM BRAÇOS (EMPENHO: 2023NE002737),1,1117,234.64,111.7,28,120,N/A,,24/04/2024,SEM DETENTOR
2304490,PAME,TNMT,DACTA IV,Ostensivo,Em Uso,6685,"INSTRUMENTOS PARA MEDIÇÃO E CONTROLE DE PRESSÃO, TEMPERATURA E UMIDADE",1.2.3.1.1.01.01 - APARELHOS DE MEDIÇÃO E ORIENTAÇÃO,04 - APARELHOS DE MEDIÇÃO E ORIENTAÇÃO,INFRARED & CONTACT THERMOMETER,1,993.76,48,100.38,32,180,FLUKE 561,55130049WS,06/12/2023,SEM DETENTOR
2304489,PAME,TNMT,DACTA IV,Ostensivo,Em Uso,6685,"INSTRUMENTOS PARA MEDIÇÃO E CONTROLE DE PRESSÃO, TEMPERATURA E UMIDADE",1.2.3.1.1.01.01 - APARELHOS DE MEDIÇÃO E ORIENTAÇÃO,04 - APARELHOS DE MEDIÇÃO E ORIENTAÇÃO,INFRARED & CONTACT THERMOMETER,1,993.76,48,100.38,32,180,FLUKE 561,54010148WS,06/12/2023,SEM DETENTOR
2304488,PAME,TNMT,DACTA IV,Ostensivo,Em Uso,6685,"INSTRUMENTOS PARA MEDIÇÃO E CONTROLE DE PRESSÃO, TEMPERATURA E UMIDADE",1.2.3.1.1.01.01 - APARELHOS DE MEDIÇÃO E ORIENTAÇÃO,04 - APARELHOS DE MEDIÇÃO E ORIENTAÇÃO,INFRARED & CONTACT THERMOMETER,1,993.76,48,100.38,32,180,FLUKE 561,55130042WS,06/12/2023,SEM DETENTOR
2304486,PAME,TNMT,DACTA IV,Ostensivo,Em Uso,6685,"INSTRUMENTOS PARA MEDIÇÃO E CONTROLE DE PRESSÃO, TEMPERATURA E UMIDADE",1.2.3.1.1.01.01 - APARELHOS DE MEDIÇÃO E ORIENTAÇÃO,04 - APARELHOS DE MEDIÇÃO E ORIENTAÇÃO,INFRARED & CONTACT THERMOMETER,1,993.76,48,100.38,32,180,FLUKE 561,54010131WS,06/12/2023,SEM DETENTOR
2302897,PAME,TNMT,DACTA IV,Ostensivo,Em Uso,6685,"INSTRUMENTOS PARA MEDIÇÃO E CONTROLE DE PRESSÃO, TEMPERATURA E UMIDADE",1.2.3.1.1.01.01 - APARELHOS DE MEDIÇÃO E ORIENTAÇÃO,04 - APARELHOS DE MEDIÇÃO E ORIENTAÇÃO,INFRARED & CONTACT THERMOMETER,1,993.76,48,100.38,32,180,FLUKE 561,54010167WS,05/12/2023,SEM DETENTOR
2302892,PAME,TNMT,DACTA IV,Ostensivo,Em Uso,6685,"INSTRUMENTOS PARA MEDIÇÃO E CONTROLE DE PRESSÃO, TEMPERATURA E UMIDADE",1.2.3.1.1.01.01 - APARELHOS DE MEDIÇÃO E ORIENTAÇÃO,04 - APARELHOS DE MEDIÇÃO E ORIENTAÇÃO,INFRARED & CONTACT THERMOMETER,1,993.76,48,100.38,32,180,FLUKE 561,54010134WS,05/12/2023,SEM DETENTOR
2302889,PAME,TNMT,DACTA IV,Ostensivo,Em Uso,6685,"INSTRUMENTOS PARA MEDIÇÃO E CONTROLE DE PRESSÃO, TEMPERATURA E UMIDADE",1.2.3.1.1.01.01 - APARELHOS DE MEDIÇÃO E ORIENTAÇÃO,04 - APARELHOS DE MEDIÇÃO E ORIENTAÇÃO,INFRARED & CONTACT THERMOMETER,1,993.76,48,100.38,32,180,FLUKE 561,55130043WS,05/12/2023,SEM DETENTOR
2302884,PAME,TNMT,DACTA IV,Ostensivo,Em Uso,6685,"INSTRUMENTOS PARA MEDIÇÃO E CONTROLE DE PRESSÃO, TEMPERATURA E UMIDADE",1.2.3.1.1.01.01 - APARELHOS DE MEDIÇÃO E ORIENTAÇÃO,04 - APARELHOS DE MEDIÇÃO E ORIENTAÇÃO,INFRARED & CONTACT THERMOMETER,1,993.76,48,100.38,32,180,FLUKE 561,55130005WS,05/12/2023,SEM DETENTOR
2302871,PAME,TNMT,DACTA IV,Ostensivo,Em Uso,6685,"INSTRUMENTOS PARA MEDIÇÃO E CONTROLE DE PRESSÃO, TEMPERATURA E UMIDADE",1.2.3.1.1.01.01 - APARELHOS DE MEDIÇÃO E ORIENTAÇÃO,04 - APARELHOS DE MEDIÇÃO E ORIENTAÇÃO,INFRARED & CONTACT THERMOMETER,1,993.76,48,100.38,32,180,FLUKE 561,55130045WS,05/12/2023,SEM DETENTOR
2302834,PAME,TNMT,DACTA IV,Ostensivo,Em Uso,6685,"INSTRUMENTOS PARA MEDIÇÃO E CONTROLE DE PRESSÃO, TEMPERATURA E UMIDADE",1.2.3.1.1.01.01 - APARELHOS DE MEDIÇÃO E ORIENTAÇÃO,04 - APARELHOS DE MEDIÇÃO E ORIENTAÇÃO,INFRARED & CONTACT THERMOMETER,1,993.76,48,100.38,32,180,FLUKE 561,54010169WS,05/12/2023,SEM DETENTOR
2302774,PAME,TNMT,DACTA IV,Ostensivo,Em Uso,6685,"INSTRUMENTOS PARA MEDIÇÃO E CONTROLE DE PRESSÃO, TEMPERATURA E UMIDADE",1.2.3.1.1.01.01 - APARELHOS DE MEDIÇÃO E ORIENTAÇÃO,04 - APARELHOS DE MEDIÇÃO E ORIENTAÇÃO,INFRARED & CONTACT THERMOMETER,1,993.76,48,100.38,32,180,FLUKE 561,54010170WS,05/12/2023,SEM DETENTOR
2302711,PAME,TNMT,DACTA IV,Ostensivo,Em Uso,6685,"INSTRUMENTOS PARA MEDIÇÃO E CONTROLE DE PRESSÃO, TEMPERATURA E UMIDADE",1.2.3.1.1.01.01 - APARELHOS DE MEDIÇÃO E ORIENTAÇÃO,04 - APARELHOS DE MEDIÇÃO E ORIENTAÇÃO,INFRARED & CONTACT THERMOMETER,1,993.76,48,100.38,32,180,FLUKE 561,54010164WS,05/12/2023,SEM DETENTOR
2302684,PAME,TNMT,DACTA IV,Ostensivo,Em Uso,6685,"INSTRUMENTOS PARA MEDIÇÃO E CONTROLE DE PRESSÃO, TEMPERATURA E UMIDADE",1.2.3.1.1.01.01 - APARELHOS DE MEDIÇÃO E ORIENTAÇÃO,04 - APARELHOS DE MEDIÇÃO E ORIENTAÇÃO,INFRARED & CONTACT THERMOMETER,1,993.76,48,100.38,32,180,FLUKE 561,55130010WS,05/12/2023,SEM DETENTOR
2302673,PAME,TNMT,DACTA IV,Ostensivo,Em Uso,6685,"INSTRUMENTOS PARA MEDIÇÃO E CONTROLE DE PRESSÃO, TEMPERATURA E UMIDADE",1.2.3.1.1.01.01 - APARELHOS DE MEDIÇÃO E ORIENTAÇÃO,04 - APARELHOS DE MEDIÇÃO E ORIENTAÇÃO,INFRARED & CONTACT THERMOMETER,1,993.76,48,100.38,32,180,FLUKE 561,54010146WS,05/12/2023,SEM DETENTOR
2302672,PAME,TNMT,DACTA IV,Ostensivo,Em Uso,6685,"INSTRUMENTOS PARA MEDIÇÃO E CONTROLE DE PRESSÃO, TEMPERATURA E UMIDADE",1.2.3.1.1.01.01 - APARELHOS DE MEDIÇÃO E ORIENTAÇÃO,04 - APARELHOS DE MEDIÇÃO E ORIENTAÇÃO,INFRARED & CONTACT THERMOMETER,1,993.76,48,100.38,32,180,FLUKE 561,54010108WS,05/12/2023,SEM DETENTOR
2302671,PAME,TNMT,DACTA IV,Ostensivo,Em Uso,6685,"INSTRUMENTOS PARA MEDIÇÃO E CONTROLE DE PRESSÃO, TEMPERATURA E UMIDADE",1.2.3.1.1.01.01 - APARELHOS DE MEDIÇÃO E ORIENTAÇÃO,04 - APARELHOS DE MEDIÇÃO E ORIENTAÇÃO,INFRARED & CONTACT THERMOMETER,1,993.76,48,100.38,32,180,FLUKE 561,54010162WS,05/12/2023,SEM DETENTOR
2302670,PAME,TNMT,DACTA IV,Ostensivo,Em Uso,6685,"INSTRUMENTOS PARA MEDIÇÃO E CONTROLE DE PRESSÃO, TEMPERATURA E UMIDADE",1.2.3.1.1.01.01 - APARELHOS DE MEDIÇÃO E ORIENTAÇÃO,04 - APARELHOS DE MEDIÇÃO E ORIENTAÇÃO,INFRARED & CONTACT THERMOMETER,1,993.76,48,100.38,32,180,FLUKE 561,54010104WS,05/12/2023,SEM DETENTOR
2302669,PAME,TNMT,DACTA IV,Ostensivo,Em Uso,6685,"INSTRUMENTOS PARA MEDIÇÃO E CONTROLE DE PRESSÃO, TEMPERATURA E UMIDADE",1.2.3.1.1.01.01 - APARELHOS DE MEDIÇÃO E ORIENTAÇÃO,04 - APARELHOS DE MEDIÇÃO E ORIENTAÇÃO,INFRARED & CONTACT THERMOMETER,1,993.76,48,100.38,32,180,FLUKE 561,54010107WS,05/12/2023,SEM DETENTOR
2280470,N/A,TNMT,DACTA IV,Ostensivo,Em Uso,7025,"UNIDADES DE ARMAZENAMENTO, DE ENTRADA E SAÍDA DE DADOS",1.2.3.1.1.02.01 - EQUIPAMENTOS DE PROCESSAMENTO DE DADOS,41 - Equipamentos de TIC – computadores,"MICROCOMPUTADOR POSITIVO MASTER C4400 MINIPRO( ROHS),TECLADO ABNT W11 SK 6620 W11 USB, MOUSE USB POSITIVO SM 6620 (EMPENHO 2023NE000301)",1,3818,0,3818,29,999,N/A,,29/08/2023,SEM DETENTOR
2280404,N/A,TNMT,DACTA IV,Ostensivo,Em Uso,7025,"UNIDADES DE ARMAZENAMENTO, DE ENTRADA E SAÍDA DE DADOS",1.2.3.1.1.02.01 - EQUIPAMENTOS DE PROCESSAMENTO DE DADOS,41 - Equipamentos de TIC – computadores,"MICROCOMPUTADOR POSITIVO MASTER C4400 MINIPRO( ROHS),TECLADO ABNT W11 SK 6620 W11 USB, MOUSE USB POSITIVO SM 6620 (EMPENHO 2023NE000301)",1,3818,0,3818,29,999,N/A,,29/08/2023,SEM DETENTOR
2147269,N/A,TNMT,DACTA IV,Ostensivo,Em Uso,5805,EQUIPAMENTO TELEFÔNICO E TELEGRÁFICO,1.2.3.1.1.01.02 - APARELHOS E EQUIPAMENTOS DE COMUNICACAO,06 - APARELHOS E EQUIPAMENTOS DE COMUNICAÇÃO,APARELHO TELEFONICO IP ALCATEL-LUCENT MODELO  0818 MAC 48:7a:55:01:43:88,1,410.29,172.62,82.06,63,120,N/A,,24/05/2021,SEM DETENTOR
2147267,N/A,TNMT,DACTA IV,Ostensivo,Em Uso,5805,EQUIPAMENTO TELEFÔNICO E TELEGRÁFICO,1.2.3.1.1.01.02 - APARELHOS E EQUIPAMENTOS DE COMUNICACAO,06 - APARELHOS E EQUIPAMENTOS DE COMUNICAÇÃO,APARELHO TELEFONICO IP ALCATEL-LUCENT MODELO 8018 MAC 48:7a:55:02:25:21,1,410.29,172.62,82.06,63,120,N/A,,24/05/2021,SEM DETENTOR
2137777,DTCEA-UA,TNMT,DACTA IV,Ostensivo,Em Uso,6685,"INSTRUMENTOS PARA MEDIÇÃO E CONTROLE DE PRESSÃO, TEMPERATURA E UMIDADE",1.2.3.1.1.01.01 - APARELHOS DE MEDIÇÃO E ORIENTAÇÃO,04 - APARELHOS DE MEDIÇÃO E ORIENTAÇÃO,TERMOMETRO DIGITAL,1,682.99,221.65,68.3,65,180,ACT 7000,124120,27/03/2021,SEM DETENTOR
2082894,DACTA IV,TNMT,DACTA IV,Ostensivo,Em Uso,6660,INSTRUMENTOS E APARELHOS METEOROLÓGICOS,1.2.3.1.1.01.01 - APARELHOS DE MEDIÇÃO E ORIENTAÇÃO,04 - APARELHOS DE MEDIÇÃO E ORIENTAÇÃO,CALIBRATOR HUM,1,16289.67,6027.3,1628.97,74,180,HMK15,315-002850,05/06/2020,SEM DETENTOR
2082856,DACTA IV,TNMT,DACTA IV,Ostensivo,Em Uso,6660,INSTRUMENTOS E APARELHOS METEOROLÓGICOS,1.2.3.1.1.01.01 - APARELHOS DE MEDIÇÃO E ORIENTAÇÃO,04 - APARELHOS DE MEDIÇÃO E ORIENTAÇÃO,CALIBRATOR HUM,1,16289.67,6027.3,1628.97,74,180,HMK15,315-002849,05/06/2020,SEM DETENTOR
1892847,N/A,TNMT,DACTA IV,Ostensivo,Em Uso,7025,"UNIDADES DE ARMAZENAMENTO, DE ENTRADA E SAÍDA DE DADOS",1.2.3.1.1.02.01 - EQUIPAMENTOS DE PROCESSAMENTO DE DADOS,35 - Material de TIC (permanente),"MONITOR P2217H, MARCA DELL.",1,873,785.7,87.3,90,60,N/A,BR-0HJPT5-TVB00-85P-0VSB,23/07/2018,SEM DETENTOR
1858597,N/A,TNMT,DACTA IV,Ostensivo,Em Uso,7010,CONFIGURAÇÃO DE SISTEMA AUTOMATIZADO DE PROCESSAMENTO DE DADOS,1.2.3.1.1.02.01 - EQUIPAMENTOS DE PROCESSAMENTO DE DADOS,35 - Material de TIC (permanente),"COMPUTADOR COM MONITOR, PROCESSADOR INTEL CORE I3, MARCA HP (EMPENHO 2017NE801593)",1,3059.9,2753.91,305.99,89,60,N/A,,31/01/2018,SEM DETENTOR
1809956,DACTA IV,TNMT,DACTA IV,Ostensivo,Em Uso,7025,"UNIDADES DE ARMAZENAMENTO, DE ENTRADA E SAÍDA DE DADOS",1.2.3.1.1.02.01 - EQUIPAMENTOS DE PROCESSAMENTO DE DADOS,35 - Material de TIC (permanente),NONITOR DELL E177FPC,1,130,117,13,89,60,N/A,,17/05/2017,SEM DETENTOR
1797393,DACTA IV,TNMT,DACTA IV,Ostensivo,Em Uso,7730,"FONÓGRAFOS, RÁDIOS E TELEVISORES DE TIPO DOMÉSTICO","1.2.3.1.1.04.05 - EQUIPAMENTOS PARA AUDIO, VÍDEO E FOTO","33 - EQUIPAMENTOS PARA AUDIO, VÍDEO E FOTO",TELEVISOR LED SEMP TOSHIBA 32 POLEGADAS,1,962,815.86,96.2,113,120,N/A,,20/03/2017,SEM DETENTOR
1700195,DACTA IV,TNMT,DACTA IV,Ostensivo,Em Uso,5840,"EQUIPAMENTOS RADAR, EXCETO OS DE AERONAVES","1.2.3.1.1.01.15 - EQUIPAMENTOS, PEÇAS E ACESSÓRIOS DE PROTEÇÃO AO VÔO","56 - EQUIPAMENTOS, PEÇAS E ACESSÓRIOS DE PROTEÇÃO AO VÔO",ESTAÇÃO METEOROLOGICA DE SUPERFICIE TATICA MILITAR TRANSPORTAVEL (BASICA),1,141511.71,45991.4,7075.59,130,180,N/A,,16/10/2015,SEM DETENTOR
1663101,DACTA IV,TNMT,DACTA IV,Ostensivo,Em Uso,5820,"EQUIPAMENTOS PARA COMUNICAÇÃO POR RÁDIO E TELEVISÃO, EXCETO OS DE AERONAVES",1.2.3.1.1.01.02 - APARELHOS E EQUIPAMENTOS DE COMUNICACAO,06 - APARELHOS E EQUIPAMENTOS DE COMUNICAÇÃO,ROTEADOR CISCO 2600 SERIES,1,1449.99,1159.99,290,133,120,N/A,,27/05/2015,SEM DETENTOR
1660635,DACTA IV,TNMT,DACTA IV,Ostensivo,Em Uso,6685,"INSTRUMENTOS PARA MEDIÇÃO E CONTROLE DE PRESSÃO, TEMPERATURA E UMIDADE",1.2.3.1.1.01.01 - APARELHOS DE MEDIÇÃO E ORIENTAÇÃO,04 - APARELHOS DE MEDIÇÃO E ORIENTAÇÃO,RUNWAY,1,2474.23,2874.15,247.42,135,180,QMT101,X151,22/05/2015,SEM DETENTOR
1653511,N/A,TNMT,DACTA IV,Ostensivo,Em Uso,7025,"UNIDADES DE ARMAZENAMENTO, DE ENTRADA E SAÍDA DE DADOS",1.2.3.1.1.02.01 - EQUIPAMENTOS DE PROCESSAMENTO DE DADOS,35 - Material de TIC (permanente),DESKTOP LEVONO THINKCENTRE M93P,1,1454.5,1009.7,444.8,53,60,N/A,,29/04/2015,SEM DETENTOR
1653503,N/A,TNMT,DACTA IV,Ostensivo,Em Uso,7025,"UNIDADES DE ARMAZENAMENTO, DE ENTRADA E SAÍDA DE DADOS",1.2.3.1.1.02.01 - EQUIPAMENTOS DE PROCESSAMENTO DE DADOS,35 - Material de TIC (permanente),MONITOR LED LENOVO LS1921,1,175.93,122.13,53.8,53,60,N/A,,29/04/2015,SEM DETENTOR
1560037,DACTA IV,TNMT,DACTA IV,Ostensivo,Em Uso,7025,"UNIDADES DE ARMAZENAMENTO, DE ENTRADA E SAÍDA DE DADOS",1.2.3.1.1.02.01 - EQUIPAMENTOS DE PROCESSAMENTO DE DADOS,35 - Material de TIC (permanente),01Microcomputador DellOptilex 760 CORE2 DUO ¿ Etiqueta Metálica: 0415978,1,327,227,100,62,60,N/A,,11/06/2014,SEM DETENTOR
1557615,DACTA IV,TNMT,DACTA IV,Ostensivo,Em Uso,7010,CONFIGURAÇÃO DE SISTEMA AUTOMATIZADO DE PROCESSAMENTO DE DADOS,1.2.3.1.1.02.01 - EQUIPAMENTOS DE PROCESSAMENTO DE DADOS,35 - Material de TIC (permanente),Desktop Lenovo ThinkCentre (SISPAT: 500125),1,939.47,652.17,287.3,62,60,N/A,D4L83V1,09/06/2014,SEM DETENTOR
1541732,DACTA IV,TNMT,DACTA IV,Ostensivo,Em Uso,7025,"UNIDADES DE ARMAZENAMENTO, DE ENTRADA E SAÍDA DE DADOS",1.2.3.1.1.02.01 - EQUIPAMENTOS DE PROCESSAMENTO DE DADOS,35 - Material de TIC (permanente),Desktop Lenovo ThinkCentre,1,939.47,652.17,287.3,64,60,N/A,,15/05/2014,SEM DETENTOR
1487633,DACTA IV,TNMT,DACTA IV,Ostensivo,Em Uso,7025,"UNIDADES DE ARMAZENAMENTO, DE ENTRADA E SAÍDA DE DADOS",1.2.3.1.1.02.01 - EQUIPAMENTOS DE PROCESSAMENTO DE DADOS,35 - Material de TIC (permanente),Desktop Lenovo ThinkCentre,1,939.47,652.17,287.3,67,60,N/A,,19/12/2013,SEM DETENTOR
1454332,DACTA IV,TNMT,DACTA IV,Ostensivo,Em Uso,7010,CONFIGURAÇÃO DE SISTEMA AUTOMATIZADO DE PROCESSAMENTO DE DADOS,1.2.3.1.1.02.01 - EQUIPAMENTOS DE PROCESSAMENTO DE DADOS,35 - Material de TIC (permanente),Monitor Lenovo led LS1921 (SN: VHC8621),1,130.8,90.8,40,70,60,N/A,,18/09/2013,SEM DETENTOR
1454330,DACTA IV,TNMT,DACTA IV,Ostensivo,Em Uso,7010,CONFIGURAÇÃO DE SISTEMA AUTOMATIZADO DE PROCESSAMENTO DE DADOS,1.2.3.1.1.02.01 - EQUIPAMENTOS DE PROCESSAMENTO DE DADOS,35 - Material de TIC (permanente),"Monitor Lenovo led LS1921 (SISPAT: 500137, SN: VHG1902)",1,261.6,181.6,80,70,60,N/A,,18/09/2013,SEM DETENTOR
1454296,DACTA IV,TNMT,DACTA IV,Ostensivo,Em Uso,7010,CONFIGURAÇÃO DE SISTEMA AUTOMATIZADO DE PROCESSAMENTO DE DADOS,1.2.3.1.1.02.01 - EQUIPAMENTOS DE PROCESSAMENTO DE DADOS,35 - Material de TIC (permanente),Monitor Lenovo led LS1921 (SN: VHC8610),1,196.2,136.2,60,70,60,N/A,,18/09/2013,SEM DETENTOR
1453789,DACTA IV,TNMT,DACTA IV,Ostensivo,Em Uso,7010,CONFIGURAÇÃO DE SISTEMA AUTOMATIZADO DE PROCESSAMENTO DE DADOS,1.2.3.1.1.02.01 - EQUIPAMENTOS DE PROCESSAMENTO DE DADOS,35 - Material de TIC (permanente),"Monitor Lenovo led LS1921 (SISPAT: 500131, SN: VHD1130)",1,147.15,102.15,45,71,60,N/A,,17/09/2013,SEM DETENTOR
1451156,DACTA IV,TNMT,DACTA IV,Ostensivo,Em Uso,7110,MOBILIÁRIO PARA ESCRITÓRIO,1.2.3.1.1.03.03 - MOBILIÁRIO EM GERAL,42 - MOBILIÁRIO EM GERAL,CADEIRA TRABALHO ESPALDAR MÉDIO (SISPAT: 331646),1,229.99,206.99,23,150,120,N/A,,12/09/2013,SEM DETENTOR
1414513,DACTA IV,TNMT,DACTA IV,Ostensivo,Em Uso,6660,INSTRUMENTOS E APARELHOS METEOROLÓGICOS,1.2.3.1.1.01.01 - APARELHOS DE MEDIÇÃO E ORIENTAÇÃO,04 - APARELHOS DE MEDIÇÃO E ORIENTAÇÃO,"ESTACAO METEREOLOGICA DE SUPERFICIE, CLASSE2-EMS-2, AUTOMATICA, COMPOSTA DE SUBSISTEMA DE SENSORIAMENTO REMOTO, SUBSISTEMA DE PROCESSAMENTO DE DADOS E SUBSISTEMA DE VISUALIZACAO DOS DADOS METEREOLOGICOS, SERVICOS COMPLEMENTARES DE INFRAESTRUTURA. OS ANEMOMETROS ESTAO MONTADOS EM TORRES METALICAS CONSTRUIDAS EM TRELICAS, E ALTURA DE 10M, A ESTAS TORRES  TAMBEM ESTAO AGREGADOS SISTEMAS DE PARA RAIOS E LUZ INDICATIVA DE OBSTACULOS INCLUINDO TAMBEM DOCUMENTACAO TECNICA E FERRAMENTAS ESPECIAIS. SISPAT 466737",1,662487.21,294807.16,66248.72,89,180,N/A,,04/07/2013,SEM DETENTOR
1414509,DACTA IV,TNMT,DACTA IV,Ostensivo,Em Uso,6660,INSTRUMENTOS E APARELHOS METEOROLÓGICOS,1.2.3.1.1.01.01 - APARELHOS DE MEDIÇÃO E ORIENTAÇÃO,04 - APARELHOS DE MEDIÇÃO E ORIENTAÇÃO,"ESTACAO METEREOLOGICA DE SUPERFICIE, CLASSE1-EMS-1. COMPOSTA DE SUBSISTEMA DE SENSORIAMENTO REMOTO, SUBSISTEMA DE PROCESSAMENTO DE DADOS E SUBSISTEMA DE VISUALIZACAO DOS DADOS METEREOLOGICOS, INCLUINDO DOCUMENTACAO TECNICA E FERRAMENTAS ESPECIAIS SISPAT 466738",1,1197528.88,940059.48,119752.89,157,180,N/A,,04/07/2013,SEM DETENTOR
1394215,DACTA IV,TNMT,DACTA IV,Ostensivo,Em Uso,6625,INSTRUMENTO DE TESTE E DE MEDIÇÃO DE PROPRIEDADES ELÉTRICAS E ELETRÔNICAS,1.2.3.1.1.01.01 - APARELHOS DE MEDIÇÃO E ORIENTAÇÃO,04 - APARELHOS DE MEDIÇÃO E ORIENTAÇÃO,PLUVIOGRAFO,1,670.1,532.65,67.01,159,999,HM,N/P 238707,29/05/2013,SEM DETENTOR
1383688,DACTA IV,TNMT,DACTA IV,Ostensivo,Em Uso,6660,INSTRUMENTOS E APARELHOS METEOROLÓGICOS,1.2.3.1.1.01.01 - APARELHOS DE MEDIÇÃO E ORIENTAÇÃO,04 - APARELHOS DE MEDIÇÃO E ORIENTAÇÃO,CUP THERMO-ANEMOMETER,1,401.59,319.59,40.16,159,180,AN-400,Q596715,09/05/2013,SEM DETENTOR
1378059,DACTA IV,TNMT,DACTA IV,Ostensivo,Em Uso,7025,"UNIDADES DE ARMAZENAMENTO, DE ENTRADA E SAÍDA DE DADOS",1.2.3.1.1.02.01 - EQUIPAMENTOS DE PROCESSAMENTO DE DADOS,35 - Material de TIC (permanente),Desktop Lenovo ThinkCentre (SISPAT: 500124),1,981,681,300,75,60,N/A,,25/04/2013,SEM DETENTOR
1364597,DACTA IV,TNMT,DACTA IV,Ostensivo,Em Uso,7110,MOBILIÁRIO PARA ESCRITÓRIO,1.2.3.1.1.03.03 - MOBILIÁRIO EM GERAL,42 - MOBILIÁRIO EM GERAL,POLTRONA DIRETOR CAVALETTI SISPAT 471166,1,0.7,0.63,0.07,145,120,N/A,,17/04/2013,SEM DETENTOR
1233226,N/A,TNMT,DACTA IV,Ostensivo,Em Uso,8465,EQUIPAMENTO INDIVIDUAL,"1.2.3.1.1.01.25 - MÁQUINAS, UTENSÍLIOS E EQUIPAMENTOS DIVERSOS","34 - MÁQUINAS, UTENSÍLIOS E EQUIPAMENTOS DIVERSOS",CASE PRETA COM RODAS (SISPAT: 503330),1,715.37,643.83,71.54,150,120,N/A,,27/07/2012,SEM DETENTOR
1233190,N/A,TNMT,DACTA IV,Ostensivo,Em Uso,8465,EQUIPAMENTO INDIVIDUAL,"1.2.3.1.1.01.25 - MÁQUINAS, UTENSÍLIOS E EQUIPAMENTOS DIVERSOS","34 - MÁQUINAS, UTENSÍLIOS E EQUIPAMENTOS DIVERSOS",CASE PRETA COM RODAS (SISPAT: 1233190),1,676.52,608.87,67.65,150,120,N/A,,27/07/2012,SEM DETENTOR
1233189,N/A,TNMT,DACTA IV,Ostensivo,Em Uso,8465,EQUIPAMENTO INDIVIDUAL,"1.2.3.1.1.01.25 - MÁQUINAS, UTENSÍLIOS E EQUIPAMENTOS DIVERSOS","34 - MÁQUINAS, UTENSÍLIOS E EQUIPAMENTOS DIVERSOS",CASE PRETA COM RODAS (SISPAT: 500245),1,676.52,608.87,67.65,150,120,N/A,,27/07/2012,SEM DETENTOR
1085747,DACTA IV,TNMT,DACTA IV,Ostensivo,Em Uso,8115,"CAIXAS, CAIXOTES E ENGRADADOS","1.2.3.1.1.01.15 - EQUIPAMENTOS, PEÇAS E ACESSÓRIOS DE PROTEÇÃO AO VÔO","56 - EQUIPAMENTOS, PEÇAS E ACESSÓRIOS DE PROTEÇÃO AO VÔO",CASE MARCA PARKER TAMANHO PEQUENO.,1,224,150.48,17.5,171,300,N/A,,04/05/2012,SEM DETENTOR
1085745,DACTA IV,TNMT,DACTA IV,Ostensivo,Em Uso,8115,"CAIXAS, CAIXOTES E ENGRADADOS","1.2.3.1.1.01.15 - EQUIPAMENTOS, PEÇAS E ACESSÓRIOS DE PROTEÇÃO AO VÔO","56 - EQUIPAMENTOS, PEÇAS E ACESSÓRIOS DE PROTEÇÃO AO VÔO",CASE MARCA PARKER TAMANHO GRANDE.,1,288,193.23,22.5,171,300,N/A,,04/05/2012,SEM DETENTOR
1085744,DACTA IV,TNMT,DACTA IV,Ostensivo,Em Uso,8115,"CAIXAS, CAIXOTES E ENGRADADOS","1.2.3.1.1.01.15 - EQUIPAMENTOS, PEÇAS E ACESSÓRIOS DE PROTEÇÃO AO VÔO","56 - EQUIPAMENTOS, PEÇAS E ACESSÓRIOS DE PROTEÇÃO AO VÔO",CASE MARCA PARKER TAMANHO GRANDE.,1,288,193.23,22.5,171,300,N/A,,04/05/2012,SEM DETENTOR
1085743,DACTA IV,TNMT,DACTA IV,Ostensivo,Em Uso,8115,"CAIXAS, CAIXOTES E ENGRADADOS","1.2.3.1.1.01.15 - EQUIPAMENTOS, PEÇAS E ACESSÓRIOS DE PROTEÇÃO AO VÔO","56 - EQUIPAMENTOS, PEÇAS E ACESSÓRIOS DE PROTEÇÃO AO VÔO",CASE MARCA PARKER TAMANHO GRANDE.,1,288,193.23,22.5,171,300,N/A,,04/05/2012,SEM DETENTOR
1085742,DACTA IV,TNMT,DACTA IV,Ostensivo,Em Uso,8115,"CAIXAS, CAIXOTES E ENGRADADOS","1.2.3.1.1.01.15 - EQUIPAMENTOS, PEÇAS E ACESSÓRIOS DE PROTEÇÃO AO VÔO","56 - EQUIPAMENTOS, PEÇAS E ACESSÓRIOS DE PROTEÇÃO AO VÔO",CASE MARCA PARKER TAMANHO GRANDE.,1,288,193.23,22.5,171,300,N/A,,04/05/2012,SEM DETENTOR
1085740,DACTA IV,TNMT,DACTA IV,Ostensivo,Em Uso,8115,"CAIXAS, CAIXOTES E ENGRADADOS","1.2.3.1.1.01.15 - EQUIPAMENTOS, PEÇAS E ACESSÓRIOS DE PROTEÇÃO AO VÔO","56 - EQUIPAMENTOS, PEÇAS E ACESSÓRIOS DE PROTEÇÃO AO VÔO",CASE MARCA PARKER TAMANHO GRANDE.,1,288,193.23,22.5,171,300,N/A,,04/05/2012,SEM DETENTOR
1085343,DACTA IV,TNMT,DACTA IV,Ostensivo,Em Uso,5280,JOGOS E CONJUNTOS DE INSTRUMENTOS DE MEDIÇÃO,1.2.3.1.1.01.01 - APARELHOS DE MEDIÇÃO E ORIENTAÇÃO,04 - APARELHOS DE MEDIÇÃO E ORIENTAÇÃO,BACKTOP TABLE SCHEF 72 L.,1,100,85.5,10,171,180,N/A,,04/05/2012,SEM DETENTOR
1081047,DACTA IV,TNMT,DACTA IV,Ostensivo,Em Uso,6605,INSTRUMENTOS DE NAVEGAÇÃO,"1.2.3.1.1.01.25 - MÁQUINAS, UTENSÍLIOS E EQUIPAMENTOS DIVERSOS","34 - MÁQUINAS, UTENSÍLIOS E EQUIPAMENTOS DIVERSOS","GPS 765 TAMANHO: 15.7X6.9X3.0 CM, PESO 545, TELA: 4.1X5,6CM ALTO CONTRASTE, DISPLAY DE CRISTAL LIQUIDO COM ILUMINAÇÃO DE ALTA RESOLUÇÃO(180X240 PIXELS), CAIXA PROVA D AGUA, PADRÃO IEC 529 IPX7, VARIAÇÃO DE TEMPERATURA: 15º C A 70ºC, DADOS ARMAZENADOS: INDEFINIDOS; NENHUMA BATERIA DE MEMÓRIA REQUERIDA, ALIMENTAÇÃO: 02(DUAS) BATERIAS AA(NÃO INCLUÍDAS), VIDA ÚTIL DAS PILHAS: ATÉ 10 (DEZ) HORAS NO MODO NORMAL,  MODELO MAP76S, MARCA GARMIN.",1,720,648,72,149,120,N/A,,04/05/2012,SEM DETENTOR
1080813,DACTA IV,TNMT,DACTA IV,Ostensivo,Em Uso,6605,INSTRUMENTOS DE NAVEGAÇÃO,"1.2.3.1.1.01.25 - MÁQUINAS, UTENSÍLIOS E EQUIPAMENTOS DIVERSOS","34 - MÁQUINAS, UTENSÍLIOS E EQUIPAMENTOS DIVERSOS","GPS 765 TAMANHO: 15.7X6.9X3.0 CM, PESO 545, TELA: 4.1X5,6CM ALTO CONTRASTE, DISPLAY DE CRISTAL LIQUIDO COM ILUMINAÇÃO DE ALTA RESOLUÇÃO(180X240 PIXELS), CAIXA PROVA D AGUA, PADRÃO IEC 529 IPX7, VARIAÇÃO DE TEMPERATURA: 15º C A 70ºC, DADOS ARMAZENADOS: INDEFINIDOS; NENHUMA BATERIA DE MEMÓRIA REQUERIDA, ALIMENTAÇÃO: 02(DUAS) BATERIAS AA(NÃO INCLUÍDAS), VIDA ÚTIL DAS PILHAS: ATÉ 10 (DEZ) HORAS NO MODO NORMAL,  MODELO MAP76S, MARCA GARMIN.",1,720,648,72,149,120,N/A,,04/05/2012,SEM DETENTOR
1079765,DACTA IV,TNMT,DACTA IV,Ostensivo,Em Uso,6120,TRANSFORMADORES PARA ESTAÇÃO DE FORÇA E DE DISTRIBUIÇÃO,1.2.3.1.1.01.07 - MÁQUINAS E EQUIPAMENTOS ENERGÉTICOS,30 - MÁQUINAS E EQUIPAMENTOS ENERGÉTICOS,"NO BREAK MARCA BST 800VA, 220V.",1,482.86,434.57,48.29,150,120,N/A,,04/05/2012,SEM DETENTOR
1076234,DACTA IV,TNMT,DACTA IV,Ostensivo,Em Uso,7110,MOBILIÁRIO PARA ESCRITÓRIO,1.2.3.1.1.03.03 - MOBILIÁRIO EM GERAL,42 - MOBILIÁRIO EM GERAL,"ARQUIVO PARA PASTA SUSPENSA , COM  4 GAVETAS , NA COR CINZA CLARO, MARCA FIEL MED. 72,5X50X132CM.",1,185,166.5,18.5,149,120,N/A,"  ",04/05/2012,SEM DETENTOR
1075288,DACTA IV,TNMT,DACTA IV,Ostensivo,Em Uso,7110,MOBILIÁRIO PARA ESCRITÓRIO,1.2.3.1.1.03.03 - MOBILIÁRIO EM GERAL,42 - MOBILIÁRIO EM GERAL,"MESA DE TRABALHO EM AGLOMERADO, COR ARGILA, 160X160CM, LARGURA 70CM - ESTAÇÃO EM  L  - MÉDIA, CÓD. ET02.",1,896,806.4,89.6,149,120,N/A,,04/05/2012,SEM DETENTOR
1075287,DACTA IV,TNMT,DACTA IV,Ostensivo,Em Uso,7110,MOBILIÁRIO PARA ESCRITÓRIO,1.2.3.1.1.03.03 - MOBILIÁRIO EM GERAL,42 - MOBILIÁRIO EM GERAL,"MESA DE TRABALHO EM AGLOMERADO, COR ARGILA, 160X160CM, LARGURA 70CM - ESTAÇÃO EM  L  - MÉDIA, CÓD. ET02.",1,896,806.4,89.6,149,120,N/A,,04/05/2012,SEM DETENTOR
1074865,DACTA IV,TNMT,DACTA IV,Ostensivo,Em Uso,7110,MOBILIÁRIO PARA ESCRITÓRIO,1.2.3.1.1.03.03 - MOBILIÁRIO EM GERAL,42 - MOBILIÁRIO EM GERAL,"CADEIRA TRABALHO ESPALDAR ALTO, GIRATÓRIA C/ BRAÇOS - REVESTIMENTO EM TECIDO - CÓD. CA01T.",1,308.1,277.29,30.81,150,120,N/A,,04/05/2012,SEM DETENTOR
1072365,DACTA IV,TNMT,DACTA IV,Ostensivo,Em Uso,7110,MOBILIÁRIO PARA ESCRITÓRIO,1.2.3.1.1.03.03 - MOBILIÁRIO EM GERAL,42 - MOBILIÁRIO EM GERAL,"MESA DE TRABALHO EM AGLOMERADO, COR ARGILA, 140X70 CM - MESA - CÓDIGO MT14.",1,456,410.4,45.6,149,120,N/A,,04/05/2012,SEM DETENTOR
1071497,DACTA IV,TNMT,DACTA IV,Ostensivo,Em Uso,7125,ARMÁRIOS E ESTANTES,1.2.3.1.1.03.03 - MOBILIÁRIO EM GERAL,42 - MOBILIÁRIO EM GERAL,"ESTANTE COM 06 PRATELEIRAS REMOVÍVEIS E REGULÁVEIS, MEDINDO 2,00X0,92X0,42M, NA CÔR CINZA PADRÃO.",1,185,166.5,18.5,149,120,N/A,,04/05/2012,SEM DETENTOR
1071496,DACTA IV,TNMT,DACTA IV,Ostensivo,Em Uso,7125,ARMÁRIOS E ESTANTES,1.2.3.1.1.03.03 - MOBILIÁRIO EM GERAL,42 - MOBILIÁRIO EM GERAL,"ESTANTE COM 06 PRATELEIRAS REMOVÍVEIS E REGULÁVEIS, MEDINDO 2,00X0,92X0,42M, NA CÔR CINZA PADRÃO.",1,185,166.5,18.5,149,120,N/A,,04/05/2012,SEM DETENTOR
1071495,DACTA IV,TNMT,DACTA IV,Ostensivo,Em Uso,7125,ARMÁRIOS E ESTANTES,1.2.3.1.1.03.03 - MOBILIÁRIO EM GERAL,42 - MOBILIÁRIO EM GERAL,"ESTANTE COM 06 PRATELEIRAS REMOVÍVEIS E REGULÁVEIS, MEDINDO 2,00X0,92X0,42M, NA CÔR CINZA PADRÃO.",1,185,166.5,18.5,149,120,N/A,,04/05/2012,SEM DETENTOR
1071461,DACTA IV,TNMT,DACTA IV,Ostensivo,Em Uso,7125,ARMÁRIOS E ESTANTES,1.2.3.1.1.03.03 - MOBILIÁRIO EM GERAL,42 - MOBILIÁRIO EM GERAL,"ARMÁRIO DE AÇO COM 02 PORTAS E 04 PRATELEIRAS INTERNAS REGULÁVEIS, MARCA FIEL.",1,196.32,176.69,19.63,150,120,N/A,,04/05/2012,SEM DETENTOR
1071460,DACTA IV,TNMT,DACTA IV,Ostensivo,Em Uso,7125,ARMÁRIOS E ESTANTES,1.2.3.1.1.03.03 - MOBILIÁRIO EM GERAL,42 - MOBILIÁRIO EM GERAL,"ARMÁRIO DE AÇO COM 02 PORTAS E 04 PRATELEIRAS INTERNAS REGULÁVEIS, MARCA FIEL.",1,196.32,176.69,19.63,150,120,N/A,,04/05/2012,SEM DETENTOR
1070490,DACTA IV,TNMT,DACTA IV,Ostensivo,Em Uso,7125,ARMÁRIOS E ESTANTES,1.2.3.1.1.03.03 - MOBILIÁRIO EM GERAL,42 - MOBILIÁRIO EM GERAL,"ARMÁRIO DE MADEIRA, C/ 2 PORTAS E 3 PRATELEIRAS, MED. 80 X 160 X 60 CM, COR MARFIM.",1,750,675,75,149,120,N/A,,04/05/2012,SEM DETENTOR
1069976,DACTA IV,TNMT,DACTA IV,Ostensivo,Em Uso,7110,MOBILIÁRIO PARA ESCRITÓRIO,1.2.3.1.1.03.03 - MOBILIÁRIO EM GERAL,42 - MOBILIÁRIO EM GERAL,"CADEIRA P/ DIGITADOR, C/ RODÍZIOS, EM COURO NA COR CINZA. PARTE DESTES MATERIAIS ESTA NA FCG 7230",1,300,270,30,149,120,N/A,,04/05/2012,SEM DETENTOR
1069670,DACTA IV,TNMT,DACTA IV,Ostensivo,Em Uso,7110,MOBILIÁRIO PARA ESCRITÓRIO,1.2.3.1.1.03.03 - MOBILIÁRIO EM GERAL,42 - MOBILIÁRIO EM GERAL,"GAVETEIRO VOLANTE COM 3 GAVETAS SENDO UMA PARA ARQUIVO DE PASTA SUSPENSA, MED. 45 X 59 X 60 CM. PARTE DESTE MATERIAL ESTA NA FCG 7229",1,300,270,30,149,120,N/A,,04/05/2012,SEM DETENTOR
1069669,DACTA IV,TNMT,DACTA IV,Ostensivo,Em Uso,7110,MOBILIÁRIO PARA ESCRITÓRIO,1.2.3.1.1.03.03 - MOBILIÁRIO EM GERAL,42 - MOBILIÁRIO EM GERAL,"GAVETEIRO VOLANTE COM 3 GAVETAS SENDO UMA PARA ARQUIVO DE PASTA SUSPENSA, MED. 45 X 59 X 60 CM. PARTE DESTE MATERIAL ESTA NA FCG 7229",1,300,270,30,149,120,N/A,,04/05/2012,SEM DETENTOR
1069668,DACTA IV,TNMT,DACTA IV,Ostensivo,Em Uso,7110,MOBILIÁRIO PARA ESCRITÓRIO,1.2.3.1.1.03.03 - MOBILIÁRIO EM GERAL,42 - MOBILIÁRIO EM GERAL,"GAVETEIRO VOLANTE COM 3 GAVETAS SENDO UMA PARA ARQUIVO DE PASTA SUSPENSA, MED. 45 X 59 X 60 CM. PARTE DESTE MATERIAL ESTA NA FCG 7229",1,300,270,30,149,120,N/A,,04/05/2012,SEM DETENTOR
1069667,DACTA IV,TNMT,DACTA IV,Ostensivo,Em Uso,7110,MOBILIÁRIO PARA ESCRITÓRIO,1.2.3.1.1.03.03 - MOBILIÁRIO EM GERAL,42 - MOBILIÁRIO EM GERAL,"GAVETEIRO VOLANTE COM 3 GAVETAS SENDO UMA PARA ARQUIVO DE PASTA SUSPENSA, MED. 45 X 59 X 60 CM. PARTE DESTE MATERIAL ESTA NA FCG 7229",1,300,270,30,149,120,N/A,,04/05/2012,SEM DETENTOR
1069666,DACTA IV,TNMT,DACTA IV,Ostensivo,Em Uso,7110,MOBILIÁRIO PARA ESCRITÓRIO,1.2.3.1.1.03.03 - MOBILIÁRIO EM GERAL,42 - MOBILIÁRIO EM GERAL,"GAVETEIRO VOLANTE COM 3 GAVETAS SENDO UMA PARA ARQUIVO DE PASTA SUSPENSA, MED. 45 X 59 X 60 CM. PARTE DESTE MATERIAL ESTA NA FCG 7229",1,300,270,30,149,120,N/A,,04/05/2012,SEM DETENTOR
1069665,DACTA IV,TNMT,DACTA IV,Ostensivo,Em Uso,7110,MOBILIÁRIO PARA ESCRITÓRIO,1.2.3.1.1.03.03 - MOBILIÁRIO EM GERAL,42 - MOBILIÁRIO EM GERAL,"GAVETEIRO VOLANTE COM 3 GAVETAS SENDO UMA PARA ARQUIVO DE PASTA SUSPENSA, MED. 45 X 59 X 60 CM. PARTE DESTE MATERIAL ESTA NA FCG 7229",1,300,270,30,149,120,N/A,,04/05/2012,SEM DETENTOR
1069664,DACTA IV,TNMT,DACTA IV,Ostensivo,Em Uso,7110,MOBILIÁRIO PARA ESCRITÓRIO,1.2.3.1.1.03.03 - MOBILIÁRIO EM GERAL,42 - MOBILIÁRIO EM GERAL,"GAVETEIRO VOLANTE COM 3 GAVETAS SENDO UMA PARA ARQUIVO DE PASTA SUSPENSA, MED. 45 X 59 X 60 CM. PARTE DESTE MATERIAL ESTA NA FCG 7229",1,300,270,30,149,120,N/A,,04/05/2012,SEM DETENTOR
1069642,DACTA IV,TNMT,DACTA IV,Ostensivo,Em Uso,7110,MOBILIÁRIO PARA ESCRITÓRIO,1.2.3.1.1.03.03 - MOBILIÁRIO EM GERAL,42 - MOBILIÁRIO EM GERAL,"CADEIRA TRABALHO ESPALDAR MÉDIO, GIRATÓRIA COM BRAÇOS, REVESTIMENTO EM COURO - CÓD. CA02C.",1,350,315,35,149,120,N/A,,04/05/2012,SEM DETENTOR
1069641,DACTA IV,TNMT,DACTA IV,Ostensivo,Em Uso,7110,MOBILIÁRIO PARA ESCRITÓRIO,1.2.3.1.1.03.03 - MOBILIÁRIO EM GERAL,42 - MOBILIÁRIO EM GERAL,"CADEIRA TRABALHO ESPALDAR MÉDIO, GIRATÓRIA COM BRAÇOS, REVESTIMENTO EM COURO - CÓD. CA02C.",1,350,315,35,149,120,N/A,,04/05/2012,SEM DETENTOR
1068323,DACTA IV,TNMT,DACTA IV,Ostensivo,Em Uso,7110,MOBILIÁRIO PARA ESCRITÓRIO,1.2.3.1.1.03.03 - MOBILIÁRIO EM GERAL,42 - MOBILIÁRIO EM GERAL,"CADEIRA SEM BRAÇO, GIRATÓRIA, EM COURO, NA COR CINZA.PARTE DESTE MATERIAL NA FCG 7225",1,350,315,35,149,120,N/A,,04/05/2012,SEM DETENTOR
1068322,DACTA IV,TNMT,DACTA IV,Ostensivo,Em Uso,7110,MOBILIÁRIO PARA ESCRITÓRIO,1.2.3.1.1.03.03 - MOBILIÁRIO EM GERAL,42 - MOBILIÁRIO EM GERAL,"CADEIRA SEM BRAÇO, GIRATÓRIA, EM COURO, NA COR CINZA.PARTE DESTE MATERIAL NA FCG 7225",1,350,315,35,149,120,N/A,,04/05/2012,SEM DETENTOR
1068321,DACTA IV,TNMT,DACTA IV,Ostensivo,Em Uso,7110,MOBILIÁRIO PARA ESCRITÓRIO,1.2.3.1.1.03.03 - MOBILIÁRIO EM GERAL,42 - MOBILIÁRIO EM GERAL,"CADEIRA SEM BRAÇO, GIRATÓRIA, EM COURO, NA COR CINZA.PARTE DESTE MATERIAL NA FCG 7225",1,350,315,35,149,120,N/A,,04/05/2012,SEM DETENTOR
1068320,DACTA IV,TNMT,DACTA IV,Ostensivo,Em Uso,7110,MOBILIÁRIO PARA ESCRITÓRIO,1.2.3.1.1.03.03 - MOBILIÁRIO EM GERAL,42 - MOBILIÁRIO EM GERAL,"CADEIRA SEM BRAÇO, GIRATÓRIA, EM COURO, NA COR CINZA.PARTE DESTE MATERIAL NA FCG 7225",1,350,315,35,149,120,N/A,,04/05/2012,SEM DETENTOR
1067947,DACTA IV,TNMT,DACTA IV,Ostensivo,Em Uso,7110,MOBILIÁRIO PARA ESCRITÓRIO,1.2.3.1.1.03.03 - MOBILIÁRIO EM GERAL,42 - MOBILIÁRIO EM GERAL,"GAVETEIRO COM 3 GAVETAS E 1 ARQUIVO, MED. 44 X 72 X 60 CM, NA COR CINZA. PARTE DESTE MATERIAL NA FCG 7075",1,320,288,32,149,120,N/A,,04/05/2012,SEM DETENTOR
1065976,DACTA IV,TNMT,DACTA IV,Ostensivo,Em Uso,7195,MOBILIÁRIOS DIVERSOS E ACESSÓRIOS,"1.2.3.1.1.01.09 - MÁQUINAS,  FERRAMENTAS E UTENSÍLIOS DE OFICINA","38 - MÁQUINAS,  FERRAMENTAS E UTENSÍLIOS DE OFICINA","LUMINÁRIA DE BANCADA SLD MAGNIFYING LAMP, 110V.",1,60,54,6,149,120,N/A,0008312,04/05/2012,SEM DETENTOR
1064861,DACTA IV,TNMT,DACTA IV,Ostensivo,Em Uso,5140,CAIXAS PARA FERRAMENTAS E FERRAGENS,"1.2.3.1.1.01.09 - MÁQUINAS,  FERRAMENTAS E UTENSÍLIOS DE OFICINA","38 - MÁQUINAS,  FERRAMENTAS E UTENSÍLIOS DE OFICINA","SUPORTE EM AÇO TIPO BANCADA P/ TRANSPORTE DE EQUIPAMENTOS, C/ RODÍZIOS.",1,550,495,55,149,120,N/A,,04/05/2012,SEM DETENTOR
1064066,DACTA IV,TNMT,DACTA IV,Ostensivo,Em Uso,7025,"UNIDADES DE ARMAZENAMENTO, DE ENTRADA E SAÍDA DE DADOS",1.2.3.1.1.02.01 - EQUIPAMENTOS DE PROCESSAMENTO DE DADOS,35 - Material de TIC (permanente),"MICROCOMPUTADOR DELL OPTIPLEX  745 PENTIUM 3.4 GHZ 1GB RAM, MEMÓRIA 512 MB DDR2 533 MHZ, HD 160 GB, DVC R/RW, WINDOWS XP PROFESSIONAL SP2, TECLADO, MOUSE E CABO DE FORÇA.",1,245.25,170.25,75,87,60,N/A,,04/05/2012,SEM DETENTOR
1063721,DACTA IV,TNMT,DACTA IV,Ostensivo,Em Uso,7010,CONFIGURAÇÃO DE SISTEMA AUTOMATIZADO DE PROCESSAMENTO DE DADOS,1.2.3.1.1.02.01 - EQUIPAMENTOS DE PROCESSAMENTO DE DADOS,35 - Material de TIC (permanente),"NOTEBOOK DELL LATITUDE E5500, ACOMPANHADO DE: MALETA P/ NOTEBOOK 15  (DELL); SOFTWARE ANTIVIRUS NORTON; SOFTWARE ROXIO CREATOR C/ MÍDIA; MICROSOFT WINDOWS 7 - PRO O M; INFORMATIVO EM CD-ROM (DELL); ADAPTADOR DE CORRENTE ALTERNADA 90W (DELL); CAMERA DE VÍDEO MICROSOFT.",1,1373.07,953.17,419.9,87,60,N/A,CN68JN1,04/05/2012,SEM DETENTOR
174290,DACTA IV,TNMT,DACTA IV,Ostensivo,Em Uso,6660,INSTRUMENTOS E APARELHOS METEOROLÓGICOS,1.2.3.1.1.01.01 - APARELHOS DE MEDIÇÃO E ORIENTAÇÃO,04 - APARELHOS DE MEDIÇÃO E ORIENTAÇÃO,HUMIDITY AND TEMPERATURE INDICATOR,1,956.22,866.52,95.62,174,180,HMI41,V0610025,01/02/2012,SEM DETENTOR
174289,DACTA IV,TNMT,DACTA IV,Ostensivo,Em Uso,6685,"INSTRUMENTOS PARA MEDIÇÃO E CONTROLE DE PRESSÃO, TEMPERATURA E UMIDADE",1.2.3.1.1.01.01 - APARELHOS DE MEDIÇÃO E ORIENTAÇÃO,04 - APARELHOS DE MEDIÇÃO E ORIENTAÇÃO,"METER,HM70,VAISALA HUMICAP HAND-HELD,HUMIDITY AND TEMPERATURE",1,3512.3,3055.44,351.23,174,180,HM70B1A1A0BB,3720005,01/02/2012,SEM DETENTOR
174288,DACTA IV,TNMT,DACTA IV,Ostensivo,Em Uso,6685,"INSTRUMENTOS PARA MEDIÇÃO E CONTROLE DE PRESSÃO, TEMPERATURA E UMIDADE",1.2.3.1.1.01.01 - APARELHOS DE MEDIÇÃO E ORIENTAÇÃO,04 - APARELHOS DE MEDIÇÃO E ORIENTAÇÃO,"METER,HM70,VAISALA HUMICAP HAND-HELD,HUMIDITY AND TEMPERATURE",1,3512.3,3055.44,351.23,174,180,HM70B1A1A0BB,3720003,01/02/2012,SEM DETENTOR
174286,DACTA IV,TNMT,DACTA IV,Ostensivo,Em Uso,6660,INSTRUMENTOS E APARELHOS METEOROLÓGICOS,1.2.3.1.1.01.01 - APARELHOS DE MEDIÇÃO E ORIENTAÇÃO,04 - APARELHOS DE MEDIÇÃO E ORIENTAÇÃO,PRESSURE RERERENCE,1,10739.68,9784.02,1073.97,174,180,PTB220TS,W1030005,01/02/2012,SEM DETENTOR
174284,DACTA IV,TNMT,DACTA IV,Ostensivo,Em Uso,6660,INSTRUMENTOS E APARELHOS METEOROLÓGICOS,1.2.3.1.1.01.01 - APARELHOS DE MEDIÇÃO E ORIENTAÇÃO,04 - APARELHOS DE MEDIÇÃO E ORIENTAÇÃO,PRESSURE RERERENCE,1,4186.57,9784.02,629.64,174,180,PTB220TS,V1920002,01/02/2012,SEM DETENTOR
174283,DACTA IV,TNMT,DACTA IV,Ostensivo,Em Uso,6660,INSTRUMENTOS E APARELHOS METEOROLÓGICOS,1.2.3.1.1.01.01 - APARELHOS DE MEDIÇÃO E ORIENTAÇÃO,04 - APARELHOS DE MEDIÇÃO E ORIENTAÇÃO,PRESSURE RERERENCE,1,5318.22,9784.02,734.22,174,180,PTB220TS,W1030019,01/02/2012,SEM DETENTOR
173944,DTCEA-AR,TNMT,DACTA IV,Ostensivo,Em Uso,6660,INSTRUMENTOS E APARELHOS METEOROLÓGICOS,1.2.3.1.1.01.01 - APARELHOS DE MEDIÇÃO E ORIENTAÇÃO,04 - APARELHOS DE MEDIÇÃO E ORIENTAÇÃO,"BAROMETER, DIGITAL",1,2761.99,13492.5,568.65,175,180,PTB220TS,Y1210022,30/01/2012,SEM DETENTOR
102732,DACTA III,TNMT,DACTA IV,Ostensivo,Em Uso,6660,INSTRUMENTOS E APARELHOS METEOROLÓGICOS,1.2.3.1.1.01.01 - APARELHOS DE MEDIÇÃO E ORIENTAÇÃO,04 - APARELHOS DE MEDIÇÃO E ORIENTAÇÃO,BAROMETRO PTB220,1,2364.77,7464.09,438.26,177,180,PTB220A,W0720003,08/11/2011,SEM DETENTOR
102731,DACTA III,TNMT,DACTA IV,Ostensivo,Em Uso,6660,INSTRUMENTOS E APARELHOS METEOROLÓGICOS,1.2.3.1.1.01.01 - APARELHOS DE MEDIÇÃO E ORIENTAÇÃO,04 - APARELHOS DE MEDIÇÃO E ORIENTAÇÃO,PRESSURE RERERENCE,1,8355.27,19907.19,1164.58,177,180,PTB220TS,W1030002,08/11/2011,SEM DETENTOR
102730,DACTA III,TNMT,DACTA IV,Ostensivo,Em Uso,6660,INSTRUMENTOS E APARELHOS METEOROLÓGICOS,1.2.3.1.1.01.01 - APARELHOS DE MEDIÇÃO E ORIENTAÇÃO,04 - APARELHOS DE MEDIÇÃO E ORIENTAÇÃO,PRESSURE RERERENCE,1,7678.53,19907.19,1297.57,177,180,PTB220TS,W1030006,08/11/2011,SEM DETENTOR