idPatrimonio,dependencia,unidadeSetor,descricao,statusExibicao,documentoTramitacao,fotoUrl,detalhes
1063634,TNAV,DACTA IV,"NOTEBOOK TOSHIBA SATELITE, MODELO PA120 8V-S2W.",Para Descarga,,https://fjyptnizrewasterynhu.supabase.co/storage/v1/object/public/fotos_patrimonio/1063634_1789735320815.jpg,Tá detonado.
1064182,TNAV,DACTA IV,ESMERIL DE BANCADA MARCA RONTAN MOD. SK-50.,Encontrado,,https://fjyptnizrewasterynhu.supabase.co/storage/v1/object/public/fotos_patrimonio/1064182_1789734969766.jpg,Sala 19
1064863,TNAV,DACTA IV,"SUPORTE EM AÇO TIPO BANCADA P/ TRANSPORTE DE EQUIPAMENTOS, C/ RODÍZIOS.",Encontrado,,https://fjyptnizrewasterynhu.supabase.co/storage/v1/object/public/fotos_patrimonio/1064863_1789734611960.jpg,Sala 19
1064864,TNAV,DACTA IV,"SUPORTE EM AÇO TIPO BANCADA P/ TRANSPORTE DE EQUIPAMENTOS, C/ RODÍZIOS.",Encontrado,,https://fjyptnizrewasterynhu.supabase.co/storage/v1/object/public/fotos_patrimonio/1064864_1789734536086.jpg,Carrinho sala 19
1064865,TNAV,DACTA IV,"SUPORTE EM AÇO TIPO BANCADA P/ TRANSPORTE DE EQUIPAMENTOS, C/ RODÍZIOS.",Encontrado,,,"Na prateleira
"
1065611,TNAV,DACTA IV,"MICROCOMPUTADOR DELL OPTIPLEX 745 , COMPOSTO DE PROCESSADOR PENTIUM D 2.8 GHZ, 512 MB DDR2 533 MHZ, HD 160 GB, DVD R/RW, WINDOWS XP, TECLADO, MOUSE E CABO DE FORÇA.",Encontrado,,,Na mesa do Rander 
1066196,TNAV,DACTA IV,"AQUECEDOR DE SOLDA MASTER APPLIANCE, MODELO VT-750C.",Encontrado,,https://fjyptnizrewasterynhu.supabase.co/storage/v1/object/public/fotos_patrimonio/1066196_1789569030290.jpg,"NO ARMARIO DE FERRO PROXIMO A JANELA EXTERNA
"
1066197,TNAV,DACTA IV,"AQUECEDOR DE SOLDA MASTER APPLIANCE, MODELO VT-750C.",Para Descarga,,,
1066479,TNAV,DACTA IV,"LOCALIZER AND GLIDESLOPE TEST EQUIPMENT KIT, CONTENDO: 3 ADAPTOR, CONN; ATTENUATOR, FIXED; FREQUENCY METER MODEL 1858C 2.4 GHZ; RF SAMPLER ELEMENT, MODEL 87006; DUMMY LOAD, ELECTRIC, MODEL 5-T-MN; CABLE ASSEMBLY; MULTIMETER TX3 TRUE RMS; TERMINATION LOAD, MODEL 50T-2005-50OHM; TERMINATION LOAD, MODEL 50T-2004-50OHM; WIRELINE SIMULATOR; DME SIMULATOR; HEADPHONES; 2 MODULATOR ANALYSER; POWER METER; POWER SENSOR; RCSU TEST; SIGNAL GENERATOR; SPEAKERS; STOP WATCH (CRONÔMETRO).",Encontrado,,,"No laboratório ( Próximo a janela, em cima do armário)."
1066481,TNAV,DACTA IV,"DME TEST EQUIPMENT KIT, CONTENDO: ADAPTOR, CONN; ATTENUATOR, FIXED; DUMMY LOAD-DRY, 25W, N-MALE; WATTMETER, W/110 220 VAC, MODEL 4314B; 2 DET ELEM, DIR COUPLER.",Para Descarga,,,NO DEPOSITO DE MATERIAL ATRÁS DA CANTINA PARA DESCARGA.
1066529,TNAV,DACTA IV,"CADEIRA GIRATÓRIA P/ DIGITADOR, C/ RODÍZIOS, EM ESPUMA INJETADA, NA COR CINZA, C/ BRAÇOS.  ABERTO FCG 7217 PARA PARTE DESTES MATERIAIS",Encontrado,,https://fjyptnizrewasterynhu.supabase.co/storage/v1/object/public/fotos_patrimonio/1066529_1789740890877.jpg,Cadeira Mesa Anselmo
1066531,TNAV,DACTA IV,"CADEIRA GIRATÓRIA P/ DIGITADOR, C/ RODÍZIOS, EM ESPUMA INJETADA, NA COR CINZA, C/ BRAÇOS.  ABERTO FCG 7217 PARA PARTE DESTES MATERIAIS",Para Descarga,,https://fjyptnizrewasterynhu.supabase.co/storage/v1/object/public/fotos_patrimonio/1066531_1789740668902.jpg,Depósito NAV 
1066806,TNAV,DACTA IV,"DEPOT DOCUMENTATION: 6 MANUAL, TECHNICAL, DUAL CELOC, MODEL 2100; 6 MANUAL, TECHNICAL, DUAL CEGS, MODEL 2100; 6 MANUAL, TECHNICAL, 1118 DME; 8 MANUAL, TECHNICAL, RCSU/RSU; 6 MANUAL, TECHNICAL, PISA; 3 SERVICE GUIDE, E3833A AND E3834A DC POWER SUPPLY; 3 OPERATING MANUAL 8012B, AUTORANGING DC POWER SUPPLY; SOFTWARE SPECIFICATION; 3 USER S AND SERVICE GUIDE TYPE N 50OHM CALIBRATION KIT 85032B/E; 3 USER S GUIDE 33120A; 3 USER S GUIDE E3833A AND E3834 DC POWER SUPPLY; 3 USER S GUIDE, 8590 E-SERIES AND L-SERIES SPECTRUM ANALYSERS; USER S GUIDE 8753 ET/ES NETWORK ANALYSERS; 2 ASSEMBLY DRAWING; ATTACHMENT A; 3 CALIBRATION GUIDE 8590 SERIES SPECTRUM ANALYSERS; 3 INSTALLATION GUIDE, E4418A POWER METER; 3 INSTRUCTION MANUAL, MODEL 1856C 2.4 GHZ COUNTER; INTERCONNECT DIAGRAM; 3 OPERATING   SERVICE GUIDE, E-SERIES PEAK AVERAGE POWER SENSORS; 3 OPERATING MANUAL, SPRIENT DLS 6100 SERIES SINGLE LINE PRODUCTION TESTER; 3 OPERATING MANUAL, TDS210 OSCILOSCOPE; 3 USER MANUAL TX3 TRUE RMS MULTIMETER; 3 QUICK START GUIDE, 8753ET/ES NETWORK ANALYSER; 3 REFERENCE GUIDE, 8753ET/ES NETWORK ANALYSER; 3 SERVICE GUIDE, 3S12GA, FUNCTION GENERATOR.",Para Descarga,,,
1066821,TNAV,DACTA IV,LOCALIZER PARA CADEIA REDUZIDA ILS.,Para Descarga,,,"NA GAIOLA, PASSAR BMP PARA O CHEFE DO SUPRIMENTO PARA TRAMITE DE DESCARGA."
1066901,TNAV,DACTA IV,GAVETEIRO EM MADEIRA COM 24 PORTA-PEÇAS.,Encontrado,,https://fjyptnizrewasterynhu.supabase.co/storage/v1/object/public/fotos_patrimonio/1066901_1789743671536.jpg,Sala 19
1066902,TNAV,DACTA IV,GAVETEIRO EM MADEIRA COM 24 PORTA-PEÇAS.,Encontrado,,https://fjyptnizrewasterynhu.supabase.co/storage/v1/object/public/fotos_patrimonio/1066902_1789743515826.jpg,Sala 19
1067553,TNAV,DACTA IV,ESTAÇÃO DE NDB-1000 TECNASA.,Encontrado,,,NDB DE PONTA PELADA.
1067948,TNAV,DACTA IV,"GAVETEIRO COM 3 GAVETAS E 1 ARQUIVO, MED. 44 X 72 X 60 CM, NA COR CINZA. PARTE DESTE MATERIAL NA FCG 7075",Encontrado,,https://fjyptnizrewasterynhu.supabase.co/storage/v1/object/public/fotos_patrimonio/1067948_1789731044498.jpg,Ao lado mesa Anselmo
1068311,TNAV,DACTA IV,"CADEIRA SEM BRAÇO, GIRATÓRIA, EM COURO, NA COR CINZA.PARTE DESTE MATERIAL NA FCG 7225",Para Descarga,,,Solicitado exclusão (Ofício nº 187/LRG).
1068313,TNAV,DACTA IV,"CADEIRA SEM BRAÇO, GIRATÓRIA, EM COURO, NA COR CINZA.PARTE DESTE MATERIAL NA FCG 7225",Para Descarga,,,Solicitado exclusão (Ofício nº 187/LRG).
1068317,TNAV,DACTA IV,"CADEIRA SEM BRAÇO, GIRATÓRIA, EM COURO, NA COR CINZA.PARTE DESTE MATERIAL NA FCG 7225",Para Descarga,,,"Solicitado exclusão, inservível para o fim a que se destina, não sendo suscetível de reparação ou recuperação (Ofício nº 187/LRG)."
1068324,TNAV,DACTA IV,"CADEIRA SEM BRAÇO, GIRATÓRIA, EM COURO, NA COR CINZA.PARTE DESTE MATERIAL NA FCG 7225",Para Descarga,,,"Solicitado exclusão, inservível para o fim a que se destina, não sendo suscetível de reparação ou recuperação (Ofício nº 187/LRG)."
1068325,TNAV,DACTA IV,"CADEIRA SEM BRAÇO, GIRATÓRIA, EM COURO, NA COR CINZA.PARTE DESTE MATERIAL NA FCG 7225",Para Descarga,,,"Solicitado exclusão, inservível para o fim a que se destina, não sendo suscetível de reparação ou recuperação (Ofício nº 187/LRG)."
1069005,TNAV,DACTA IV,"CADEIRA GIRATÓRIA P/ DIGITADOR, COM RODÍZIOS, ESPALDAR BAIXO, EM ESPUMA INJETADA NA COR CINZA, SEM BRAÇO.",Para Descarga,,,Solicitado exclusão (Ofício nº 187/LRG).
1069272,TNAV,DACTA IV,EQUIPAMENTO MEDIDOR DE DISTÂNCIA DME-100.,Para Descarga,,,Veio de RB
1069602,TNAV,DACTA IV,MARCADOR MÉDIO DO ILS COMPOSTO DE: UNIDADE DE CONTROLE LOCAL N/S 1104; TRANSMISSOR 01 DE N/S 190; TRANSMISSOR 02 N/S 195; FONTE POWER SUPPLY N/S 167; ANTENA ILS.,Para Descarga,,https://fjyptnizrewasterynhu.supabase.co/storage/v1/object/public/fotos_patrimonio/1069602_1789740245330.jpg,Depósito NAV
1069659,TNAV,DACTA IV,"GAVETEIRO VOLANTE COM 3 GAVETAS SENDO UMA PARA ARQUIVO DE PASTA SUSPENSA, MED. 45 X 59 X 60 CM. PARTE DESTE MATERIAL ESTA NA FCG 7229",Encontrado,,https://fjyptnizrewasterynhu.supabase.co/storage/v1/object/public/fotos_patrimonio/1069659_1789730936159.jpg,Sala 12
1069660,TNAV,DACTA IV,"GAVETEIRO VOLANTE COM 3 GAVETAS SENDO UMA PARA ARQUIVO DE PASTA SUSPENSA, MED. 45 X 59 X 60 CM. PARTE DESTE MATERIAL ESTA NA FCG 7229",Encontrado,,,No laboratório.
1069671,TNAV,DACTA IV,"GAVETEIRO VOLANTE COM 3 GAVETAS SENDO UMA PARA ARQUIVO DE PASTA SUSPENSA, MED. 45 X 59 X 60 CM. PARTE DESTE MATERIAL ESTA NA FCG 7229",Encontrado,,https://fjyptnizrewasterynhu.supabase.co/storage/v1/object/public/fotos_patrimonio/1069671_1789731144990.jpg,Embaixo mesa Guaracinésio 
1069906,TNAV,DACTA IV,THE ELETROLIZER CORP. GERADOR DE HIDROGÊNIO.,Para Descarga,,,LOCALIZADO PROXIMO A COBERTURA AO LADO DA KF.
1069970,TNAV,DACTA IV,"GAVETEIRO VOLANTE COM 3 GAVETAS SENDO UMA PARA ARQUIVO DE PASTA SUSPENSA, MED. 45 X 59 X 60 CM. PARTE DESTE MATERIAL ESTA NA FCG 7229",Encontrado,,,NA SALA DO TEN PINHO.
1069971,TNAV,DACTA IV,"GAVETEIRO VOLANTE COM 3 GAVETAS SENDO UMA PARA ARQUIVO DE PASTA SUSPENSA, MED. 45 X 59 X 60 CM. PARTE DESTE MATERIAL ESTA NA FCG 7229",Encontrado,,https://fjyptnizrewasterynhu.supabase.co/storage/v1/object/public/fotos_patrimonio/1069971_1789736300228.jpg,Mesa Garcia
1069972,TNAV,DACTA IV,"GAVETEIRO VOLANTE COM 3 GAVETAS SENDO UMA PARA ARQUIVO DE PASTA SUSPENSA, MED. 45 X 59 X 60 CM. PARTE DESTE MATERIAL ESTA NA FCG 7229",Encontrado,,https://fjyptnizrewasterynhu.supabase.co/storage/v1/object/public/fotos_patrimonio/1069972_1789730901620.jpg,Sala 12
1069974,TNAV,DACTA IV,"MESA EM  L , MED. 267 X 73 X 160 X 70 CM, NA COR CINZA.",Encontrado,,https://fjyptnizrewasterynhu.supabase.co/storage/v1/object/public/fotos_patrimonio/1069974_1789734361656.jpg,Mesa Guará Anselmo
1070305,TNAV,DACTA IV,"CADEIRA GIRATÓRIA PARA BANCADA, ESTOFADA EM COURO, NA COR CINZA.",Para Descarga,,,"Solicitado exclusão, inservível para o fim a que se destina, não sendo suscetível de reparação ou recuperação (Ofício nº 187/LRG)."
1070307,TNAV,DACTA IV,"CADEIRA GIRATÓRIA PARA BANCADA, ESTOFADA EM COURO, NA COR CINZA.",Para Descarga,,,"Solicitado exclusão, inservível para o fim a que se destina, não sendo suscetível de reparação ou
recuperação (Ofício nº 187/LRG)."
1070489,TNAV,DACTA IV,"ARMÁRIO DE MADEIRA, C/ 2 PORTAS E 3 PRATELEIRAS, MED. 80 X 160 X 60 CM, COR MARFIM.",Encontrado,,https://fjyptnizrewasterynhu.supabase.co/storage/v1/object/public/fotos_patrimonio/1070489_1789735047895.jpg,Sala 19
1070492,TNAV,DACTA IV,"ARMÁRIO DE MADEIRA, C/ 2 PORTAS E 3 PRATELEIRAS, MED. 80 X 160 X 60 CM, COR MARFIM.",Encontrado,,,Sala 19
1070824,TNAV,DACTA IV,"ARMÁRIO C/ 2 PORTAS E 1 PRATELEIRA, MED. 73 X 80 X 60 CM, NA COR CINZA. PARTE DESTE MATERIAL NA FCG 7228",Encontrado,,https://fjyptnizrewasterynhu.supabase.co/storage/v1/object/public/fotos_patrimonio/1070824_1789655444572.jpg,Armário do café 
1071462,TNAV,DACTA IV,"ARMÁRIO DE AÇO COM 02 PORTAS E 04 PRATELEIRAS INTERNAS REGULÁVEIS, MARCA FIEL.",Encontrado,,https://fjyptnizrewasterynhu.supabase.co/storage/v1/object/public/fotos_patrimonio/1071462_1789735257743.jpg,Sala 19
1071463,TNAV,DACTA IV,"ARMÁRIO DE AÇO COM 02 PORTAS E 04 PRATELEIRAS INTERNAS REGULÁVEIS, MARCA FIEL.",Encontrado,,https://fjyptnizrewasterynhu.supabase.co/storage/v1/object/public/fotos_patrimonio/1071463_1789735240143.jpg,Sala 19
1071464,TNAV,DACTA IV,"ARMÁRIO DE AÇO COM 02 PORTAS E 04 PRATELEIRAS INTERNAS REGULÁVEIS, MARCA FIEL.",Encontrado,,,Armário sala TNAV 
1071493,TNAV,DACTA IV,"ESTANTE COM 06 PRATELEIRAS REMOVÍVEIS E REGULÁVEIS, MEDINDO 2,00X0,92X0,42M, NA CÔR CINZA PADRÃO.",Encontrado,,https://fjyptnizrewasterynhu.supabase.co/storage/v1/object/public/fotos_patrimonio/1071493_1789735124534.jpg,Sala 19
1071494,TNAV,DACTA IV,"ESTANTE COM 06 PRATELEIRAS REMOVÍVEIS E REGULÁVEIS, MEDINDO 2,00X0,92X0,42M, NA CÔR CINZA PADRÃO.",Encontrado,,https://fjyptnizrewasterynhu.supabase.co/storage/v1/object/public/fotos_patrimonio/1071494_1789735095216.jpg,Sala 19
1071629,TNAV,DACTA IV,"DUAL DME CHAIN SYSTEM CONTENDO: ACCESSORY KIT DME DUAL STATION (REFERENCE); ACCESSORY KIT - DME; ALIGNMENT TOOL, ELECTRONIC EQUIPMENT; 03 ATTENUATOR, FIXED; 11 CABLE ASSEMBLY; 2 CCA, EXTENDER BOARD; 2 CORD ASSEMBLY, ELECTRIC; SCREWDRIVER; STRIP, ELECTRICAL GROUNDING; CABLE ASSEMBLY; 2 CORD ASSEMBLY, ELECTRIC; ADAPTOR, CONNECTOR; ATTENUATOR, FIXED; BATTERY BACKUP KIT; 4 BATTERY, STORAGE; 2 FUSE HOLDER; PANEL, COVER; 2 WELDMENT ASSEMBLY; 2 WIRING HARNESS; CABINET INTERCONNECTION KIT - DUAL DME; 2 CABLE ASSEMBLY; WIRING HARNESS; CABLE ASSEMBLY; CORD, ELEC MODEL E3462-C; DIRECIONAL COUPLER ASSEMBLY; DME ASSEMBLY, W/RMM, W/TRANSFER UNIT; CAL ATTENUATOR ASSEMBLY; CCA, CPU; CCA, CURRENT LIMITER; CCA, DECODER; CCA, DISPLAY; CCA, HIGH VOLTAGE POWER SUPPLY; CCA, INPUT POWER MONITOR; CCA, INTERFACE; CCA, KEYER; 2 CCA, LOW VOLTAGE POWER SUPPLY; CCA, MONITOR A; CCA, MONITOR B; CCA, POWER MEASUREMENT; CCA, SIGNAL GENERATOR VIDEO; CCA, STEERING LOGIC; CCA, TIME INTERVAL; CCA, TRANSFER; CCA, TRANSMITTER VIDEO; CCA, VOLTAGE SCALING; 2 DETECTOR ASSEMBLY; DIODE MODULATOR ASSEMBLY; DIRECTIONAL COUPLER ASSEMBLY; FIRST MIXER ASSEMBLY; I/F AMPLIFIER ASSEMBLY; LOW POWER AMPLIFIER; POWER SUPPLY; PRESELECTOR ASSEMBLY; 2 RF GENERATOR ASSEMBLY; DUAL 1116 DISTANCE MEASURING EQUIPMENT; CAL ATTENUATOR ASSEMBLY; CCA, CPU; CCA, CURRENT LIMITER; CCA, DECODER; CCA, DISPLAY; CCA, HIGH VOLTAGE POWER SUPPLY; CCA, INPUT POWER MONITOR; CCA, INTERFACE; CCA, KEYER; 2 CCA, LOW VOLTAGE POWER SUPPLY; CCA, MONITOR A; CCA, MONITOR B; CCA, POWER MEASUREMENT; CCA, SIGNAL GENERATOR VIDEO; CCA, STEERING LOGIC; CCA, TIME INTERVAL; CCA, TRANSFER; CCA, TRANSMITTER VIDEO; CCA, VOLTAGE SCALING; ; 2 DETECTOR ASSEMBLY; DIODE MODULATOR ASSEMBLY; DIRECTIONAL COUPLER ASSEMBLY; FIRST MIXER ASSEMBLY; I/F AMPLIFIER ASSEMBLY; LOW POWER AMPLIFIER; POWER SUPPLY; PRESELECTOR ASSEMBLY; 2 RF GENERATOR ASSEMBLY; DUMMY LOAD-DRY, 25W, N-VAFE MODEL 25-T-MN; INTERCONNECT KIT - DUAL DME TO MODEL 2100; 2 CABLE ASSEMBLY.",Para Descarga,,,"NA GAIOLA, PASSAR BMP PARA O CHEFE DO SUPRIMENTO PARA TRAMITE DE DESCARGA."
1071630,TNAV,DACTA IV,"GLIDESLOPE LIMITED CHAIN SYSTEMS, SN23123: ACCESSORY KIT, GS, MODEL 2100 (REFERENCE); 2 ADAPTER CONNECTOR; 2 ALIGN TOOL-ELECTRONIC EQUIPMENT; 2 ALIGN TOOL-ELECTRIC EQUIPMENT; 2 CABLE ASSEMBLY; CABLE ASSEMBLY, COAX; CCA, EXTENDER BOARD, SN 23549; STRIP, ELECTRICAL GROUNDING; WRENCH, TORQUE; 3 ADAPTER, CONNECTOR; 3 ATTENUATOR, FIXED MODEL 33-20-34; BATTERY BACKUP KIT; 4 BATTERY, STORAGE; 2 FUSE HOLDER; PANEL, COVER; WELDMENT ASSEMBLY; 2 WIRING HARNESS; CAPTURE EFFECT GLIDESCOPE, DUAL EQUIPMENT; CCA, AC MONITOR; CCA, APCU; CCA, BLACKPLANE; 2 CCA, BATTERY CHARGER POWER SUPPLY; CCA, CABINET INTERFACE; CCA, LOCAL CONTROL; 2 CCA, MONITOR; CCA, MONITOR RECOMBINER UNIT (MRU); CCA, RMS PROCESSOR; 2 CCA, SYNTHESIZER; CCA, TRANSFER RELAY DRIVE; CCA, TRANSMITTER RECOMBINER UNIT (TRU); LOU, CEGS; 3 PHASER ASSEMBLY; 2 POWER SUPPLY ASSEMBLY; 4 RF AMP/MOD ASSEMBLY; TRANSFER/RECOMBINER DRAWER ASSEMBLY; CORD, ELEC MODEL E3462-C.",Para Descarga,,,"NA GAIOLA, PASSAR BMP PARA O CHEFE DO SUPRIMENTO PARA TRAMITE DE DESCARGA."
1071631,TNAV,DACTA IV,"RCSU LIMITED CHAIN SYSTEM: RMT CONT/STATUIT W/O INTLK, W/O BBU, 240V (REFERENCE); I/F ASSEMBLY, RCSU; CCA, RCSU TRANSFORMER; POWER SUPPLY; RCSU INTERFACE CCA; PC ASSEMBLY, RCSU; DELL PRECISION WORKSTATION 340 - 1.7 GHZ P4 PROC., 256MB RAM, 20GB HDD, CD ROM, 1.44MB FDD, 2 USB PORTS, 10 COM PORTS, PS2 MOUSE PORT, PARALLEL PORT, LAN PORT, ONBOARD SOUND, ATI RAGE 126 PRO 4XL, SN 4PJCN11; KEYBOARD; MONITOR; MOUSE; SOFTWARE (COMPOSTO DE: 2138 RCSU VERSION 2.1 DISK 1 E 2; DRIVERS AND UTILITIES, DELL PRECISION RESOURCE CD; MICROSOFT WINDOWS 98; MODEM INSTALLATION DISK; MS WINDOWS NT V.4.0 SERVICE PACK 6A; WINDOWS NT WORKSTATION (1-2 PROCESSOR EDITION) OPERATING SYSTEM VERSION 4.0 DISK; WINDOWS NT WORKSTATION 4.0 STARTS HERE DISK); RMT STATUS UNIT KIT RSU W/O BBU, MODEL 2100; 250 CABLE, CONTROL; CABLE, POWER; CORD ASSY, ELEC-PWR; MODULE ASSEMBLY, SN 20606; POWER SUPPLY-25W.",Encontrado,,, NO LABORATÓRIO (MARCADOR MÉDIO).
1075179,TNAV,DACTA IV,"MESA DE TRABALHO EM AGLOMERADO, COR ARGILA, ESTAÇÃO EM  L  160X160CM, LARGURA 60CM - CÓD. ET01.",Encontrado,,https://fjyptnizrewasterynhu.supabase.co/storage/v1/object/public/fotos_patrimonio/1075179_1789739873195.jpg,Mesa Ten Pinho 
1075846,TNAV,DACTA IV,"QUADRO BRANCO PARA ESCRITA COM MARCADOR, MEDINDO 2,00 X 1,20M, COM ACABAMENTO EM MOLDURA DE ALUMINIO.",Encontrado,,,Quadro da TNAV
1079038,TNAV,DACTA IV,RETIFICADOR MARCA TECTROL,Encontrado,,https://fjyptnizrewasterynhu.supabase.co/storage/v1/object/public/fotos_patrimonio/1079038_1789736071555.jpg,Sala 19. Talvez descarga
1079259,TNAV,DACTA IV,"NOTEBOOK DELL LATITUDE E5500, ACOMPANHADO DE: MALETA P/ NOTEBOOK 15  (DELL); SOFTWARE ANTIVIRUS NORTON; SOFTWARE ROXIO CREATOR C/ MÍDIA; MICROSOFT WINDOWS 7 - PRO O M; INFORMATIVO EM CD-ROM (DELL); ADAPTADOR DE CORRENTE ALTERNADA 90W (DELL); CAMERA DE VÍDEO MICROSOFT.",Para Descarga,,https://fjyptnizrewasterynhu.supabase.co/storage/v1/object/public/fotos_patrimonio/1079259_1789735414886.jpg,Tá detonado
1079260,TNAV,DACTA IV,"NOTEBOOK DELL LATITUDE E5500, ACOMPANHADO DE: MALETA P/ NOTEBOOK 15  (DELL); SOFTWARE ANTIVIRUS NORTON; SOFTWARE ROXIO CREATOR C/ MÍDIA; MICROSOFT WINDOWS 7 - PRO O M; INFORMATIVO EM CD-ROM (DELL); ADAPTADOR DE CORRENTE ALTERNADA 90W (DELL); CAMERA DE VÍDEO MICROSOFT.",Para Descarga,,https://fjyptnizrewasterynhu.supabase.co/storage/v1/object/public/fotos_patrimonio/1079260_1789735544241.jpg,Tá detonado
1079264,TNAV,DACTA IV,"NOTEBOOK DELL LATITUDE E5500, ACOMPANHADO DE: MALETA P/ NOTEBOOK 15  (DELL); SOFTWARE ANTIVIRUS NORTON; SOFTWARE ROXIO CREATOR C/ MÍDIA; MICROSOFT WINDOWS 7 - PRO O M; INFORMATIVO EM CD-ROM (DELL); ADAPTADOR DE CORRENTE ALTERNADA 90W (DELL); CAMERA DE VÍDEO MICROSOFT.",Encontrado,,https://fjyptnizrewasterynhu.supabase.co/storage/v1/object/public/fotos_patrimonio/1079264_1789747117924.jpg,Armário da TNMT
1079270,TNAV,DACTA IV,"NOTEBOOK DELL LATITUDE E5500, ACOMPANHADO DE: MALETA P/ NOTEBOOK 15  (DELL); SOFTWARE ANTIVIRUS NORTON; SOFTWARE ROXIO CREATOR C/ MÍDIA; MICROSOFT WINDOWS 7 - PRO O M; INFORMATIVO EM CD-ROM (DELL); ADAPTADOR DE CORRENTE ALTERNADA 90W (DELL); CAMERA DE VÍDEO MICROSOFT.",Para Descarga,,https://fjyptnizrewasterynhu.supabase.co/storage/v1/object/public/fotos_patrimonio/1079270_1789735488254.jpg,Tá detonado 
1080836,TNAV,DACTA IV,"ASPIRADOR DE PÓ COM  SOPRADOR, TAMANHO 40CMX20CM, 127V, MODELO GT-300, PROF 110V. MARCA ELETROLUX.",Encontrado,,https://fjyptnizrewasterynhu.supabase.co/storage/v1/object/public/fotos_patrimonio/1080836_1789740329468.jpg,Depósito NAV 
1081699,TNAV,DACTA IV,LUMINÁRIA P/ BANCADA.,Encontrado,,https://fjyptnizrewasterynhu.supabase.co/storage/v1/object/public/fotos_patrimonio/1081699_1789734724753.jpg,Sala 19
1081741,TNAV,DACTA IV,LOWER SHELF WORK BENCH.,Encontrado,,https://fjyptnizrewasterynhu.supabase.co/storage/v1/object/public/fotos_patrimonio/1081741_1789734874383.jpg,Sala 19 primeira bancada a direita
1081742,TNAV,DACTA IV,LOWER SHELF WORK BENCH.,Encontrado,,https://fjyptnizrewasterynhu.supabase.co/storage/v1/object/public/fotos_patrimonio/1081742_1789734835301.jpg,Sala 19 primeira bancada esquerda
1081811,TNAV,DACTA IV,"BARÔMETRO DE ANERÓIDE MK 2, TIPO TONE LLOT. MOD. M2336A, N/S B234",Para Descarga,,,ESTA NA RELAÇÃO DE MATERIAL PERMANENTE DA CONFERENCIA DE 2023 PARA DESCARGA
1083289,TNAV,DACTA IV,FREQUENCIMETRO (SEM MARCA),Para Descarga,,,
1083382,TNAV,DACTA IV,"APARELHO TELEFÔNICO LUCENT, MOD. 6210.PARTE DESTE MATERIAL NA FCG 7212",Para Descarga,,,"NO GAVETEIRO EMBAIXO DA MESA DO 3S R. OLIVEIRA. DEVE IR PRA DESCARGA
"
1084437,TNAV,DACTA IV,UNIDADE DE CONTROLE REMOTO DO VOR/DME MODELO 0100.,Para Descarga,,https://fjyptnizrewasterynhu.supabase.co/storage/v1/object/public/fotos_patrimonio/1084437_1789740284983.jpg,Depósito NAV
1084982,TNAV,DACTA IV,"SPECTRUM ANALYSER, SN 4115A01920.",A Movimentar,,,ENVIADO AO PAME
1085339,TNAV,DACTA IV,"DEPOT BENCHES COMPOSTO DE; ELECTRONICS BENCH  CONTENDO: BACKTOP-TABLE SCHEF 72L , DRAWER BACKES; DRAWER BRACHES 38 HENRY DUFY, DRAWER COMPLETE WITH CASE; ENDCAP PLAINT 2X2; ENDSTOP - TABLE/SHELF 18L; ENGSTOP- TABLE/SCHELF 36L; INSTANTION MATERIAS; AWOS 2000 DPU INSTANTION KIT; FASTENS LEG  TO TUBEFRAME; FASTEN REAR ANGLE TO T-FART; FASTENS WIRETHROUGH IN FIXED RISER ASSY; FIXED RISER PANEL; FOR CABINET OR ENDSTOP TO TOP; FRAME 1000 36DX72L; INSTALLS FIXED RISER SHELF ASSY; INTERCONNECT 18X24 RISES; LEG 1000 36DX30/37 WH; MOUNTS DRAWER, P-CUT SE; POWER CORD 9 - 20 AMP; RECEPTACLE COVERS (2); RISER SHELF 18WX24HX72L W/3 DUPLEX; STANDARD HUDSON LOCK; SWAYACE 1000 72L; TOP GRAY GRANITE, 36DX72L; WIRETHOUGH 72L W/3 DUP.",A Movimentar,,,Colocar etiqueta
1085340,TNAV,DACTA IV,"DEPOT BENCHES COMPOSTO DE; ELECTRONICS BENCH  CONTENDO: BACKTOP-TABLE SCHEF 72L , DRAWER BACKES; DRAWER BRACHES 38 HENRY DUFY, DRAWER COMPLETE WITH CASE; ENDCAP PLAINT 2X2; ENDSTOP - TABLE/SHELF 18L; ENGSTOP- TABLE/SCHELF 36L; INSTANTION MATERIAS; AWOS 2000 DPU INSTANTION KIT; FASTENS LEG  TO TUBEFRAME; FASTEN REAR ANGLE TO T-FART; FASTENS WIRETHROUGH IN FIXED RISER ASSY; FIXED RISER PANEL; FOR CABINET OR ENDSTOP TO TOP; FRAME 1000 36DX72L; INSTALLS FIXED RISER SHELF ASSY; INTERCONNECT 18X24 RISES; LEG 1000 36DX30/37 WH; MOUNTS DRAWER, P-CUT SE; POWER CORD 9 - 20 AMP; RECEPTACLE COVERS (2); RISER SHELF 18WX24HX72L W/3 DUPLEX; STANDARD HUDSON LOCK; SWAYACE 1000 72L; TOP GRAY GRANITE, 36DX72L; WIRETHOUGH 72L W/3 DUP.",A Movimentar,,,Colocar etiqueta
1085739,TNAV,DACTA IV,CASE MARCA PARKER TAMANHO GRANDE.,Encontrado,,https://fjyptnizrewasterynhu.supabase.co/storage/v1/object/public/fotos_patrimonio/1085739_1789740514553.jpg,Depósito NAV 
1085741,TNAV,DACTA IV,CASE MARCA PARKER TAMANHO GRANDE.,Encontrado,,https://fjyptnizrewasterynhu.supabase.co/storage/v1/object/public/fotos_patrimonio/1085741_1789740491149.jpg,Depósito NAV 
1085746,TNAV,DACTA IV,CASE MARCA PARKER TAMANHO PEQUENO.,Encontrado,,https://fjyptnizrewasterynhu.supabase.co/storage/v1/object/public/fotos_patrimonio/1085746_1789740587520.jpg,Depósito NAV 
1390509,TNAV,DACTA IV,MONITOR SAMSUNG,A Movimentar,,https://fjyptnizrewasterynhu.supabase.co/storage/v1/object/public/fotos_patrimonio/1390509_1790256505705.jpg,Encontra-se na seção TNMT. Realizar transferência de material.
1390510,TNAV,DACTA IV,MONITOR SAMSUNG,Encontrado,,https://fjyptnizrewasterynhu.supabase.co/storage/v1/object/public/fotos_patrimonio/1390510_1789730645772.jpg,Monitor mesa Maia 
1492526,TNAV,DACTA IV,OSCILLOSCOPE,Para Descarga,,,ESTA NA RELAÇÃO DE MATERIAL PERMANENTE DA CONFERENCIA DE 2023 PARA DESCARGA.
1541671,TNAV,DACTA IV,"CPU LORTEC PENTIUN 4 1GB RAM, VIDEO DE 128M",Para Descarga,,,"ENCONTRADO NO LABORATÓRIO, EM FRENTE A JANELA EXTERNA, PARA DESCARGA."
1557865,TNAV,DACTA IV,VOR/ILS ANALYZER EVS 300 WITH A WEATHERPROOF CASE AND 2 STRAPS EVS 300-T  (EVS 300),Encontrado,,https://fjyptnizrewasterynhu.supabase.co/storage/v1/object/public/fotos_patrimonio/1557865_1789745551909.jpg,"Sala 12, dentro do armário "
1578699,TNAV,DACTA IV,WIDEBAND POWER SENSOR,A Movimentar,,,"MATERIAL A SER TRANSFERIDO, ESTA JUNTO COM O MATERIAL A SER DESCARREGADO NO LAB."
1578819,TNAV,DACTA IV,WIDEBAND POWER SENSOR,Encontrado,,,"MATERIAL A SER TRANSFERIDO, ESTA JUNTO COM O MATERIAL A SER DESCARREGADO NO LAB."
1622055,TNAV,DACTA IV,LIXEIRA PRETA PEQUENA,Encontrado,,,Utilizado na seção TNAV.
1622056,TNAV,DACTA IV,GRAMPEADOR MÉDIO,Encontrado,,,Utilizado na seção TNAV.
1622057,TNAV,DACTA IV,BANDEJA DE PALSTICO DUPLA,Encontrado,,,Utilizado na seção TNAV.
1622060,TNAV,DACTA IV,PERFURADOR DE PAPEL TAM. MÉDIO,Encontrado,,,Utilizado na seção TNAV (Mesa do Encarregado).
1634385,TNAV,DACTA IV,CASE 90X50X60,Encontrado,,,"AO LADO DAS JANELAS EXTERNAS NO LABORATÓRIO
"
1634388,TNAV,DACTA IV,CASE 90X50X60,Encontrado,,,"AO LADO DAS JANELAS EXTERNAS NO LABORATÓRIO.
"
1634391,TNAV,DACTA IV,CASE 40X30X12,Encontrado,,,No Laboratório.
1634393,TNAV,DACTA IV,CASE  60X50X30,Encontrado,,,No Laboratório.
1660921,TNAV,DACTA IV,TOUGHBOOK PANASONIC CF-31 WALEHLM,A Movimentar,,,TNMT - Está com o SO Flavio Barros
1660922,TNAV,DACTA IV,TOUGHBOOK PANASONIC CF-31 WBLEHLM,Para Descarga,,https://fjyptnizrewasterynhu.supabase.co/storage/v1/object/public/fotos_patrimonio/1660922_1789735652582.jpg,Tá detonado
1660924,TNAV,DACTA IV,TOUGHBOOK PANASONIC CF-31 WBLAHLM,Para Descarga,,https://fjyptnizrewasterynhu.supabase.co/storage/v1/object/public/fotos_patrimonio/1660924_1789735814641.jpg,Tá detonado
169829,TNAV,DACTA IV,"ANALIZER, SIGNAL",Encontrado,,,NO ARMÁRIO PRÓXIMO A JANELA EXTERNA NO LAB.
1741951,TNAV,DACTA IV,RADIO MODEM SERIAL RS 232 VHF,Encontrado,,,ESTÃO EM CAIXAS PEQUENAS NO ARMÁRIO AO LADO DA MESA DA TNMT NO LABORATÓRIO.
1741952,TNAV,DACTA IV,RADIO MODEM SERIAL RS 232 VHF,Encontrado,,,ESTÃO EM CAIXAS PEQUENAS NO ARMÁRIO AO LADO DA MESA DA TNMT NO LABORATÓRIO.
1741953,TNAV,DACTA IV,RADIO MODEM SERIAL RS 232 VHF,Encontrado,,,ESTÃO EM CAIXAS PEQUENAS NO ARMÁRIO AO LADO DA MESA DA TNMT NO LABORATORIO.
1741954,TNAV,DACTA IV,RADIO MODEM SERIAL RS 232 VHF,Encontrado,,,ESTÃO EM CAIXAS PEQUENAS NO ARMÁRIO AO LADO DA MESA DA TNMT NO LABORATÓRIO.
1741955,TNAV,DACTA IV,RADIO MODEM SERIAL RS 232 VHF,Encontrado,,,ESTÃO EM CAIXAS PEQUENAS NO ARMÁRIO AO LADO DA MESA DA TNMT NO LABORATÓRIO.
1741956,TNAV,DACTA IV,RADIO MODEM SERIAL RS 232 VHF,Encontrado,,,ESTÃO EM CAIXAS PEQUENAS NO ARMÁRIO AO LADO DA MESA DA TNMT NO LABORATÓRIO.
2014416,TNAV,DACTA IV,"NOTEBOOK LENOVO THINKPAD L390, MINI-MOUSE ÓPTICO 1200 DPI, 3 BOTÕES, USB, COM MALETA LENOVO DANKA MENSAGEIRO E CADEADO COM CABO DE SEGURANÇA COM CHAVE E BASE METÁLICA MODELO KENSINGTON MICROSAVER SECURITY CABLELOCK",Encontrado,,,Ten Pinho
2014419,TNAV,DACTA IV,"NOTEBOOK LENOVO THINKPAD L390, MINI-MOUSE ÓPTICO 1200 DPI, 3 BOTÕES, USB, COM MALETA LENOVO DANKA MENSAGEIRO E CADEADO COM CABO DE SEGURANÇA COM CHAVE E BASE METÁLICA MODELO KENSINGTON MICROSAVER SECURITY CABLELOCK",Encontrado,,,"Sobreaviso
"
2147262,TNAV,DACTA IV,APARELHO TELEFONICO IP ALCATEL-LUCENT MODELO 8018 MAC 48:7a:55:01:43:cd,Para Descarga,,,
2147817,TNAV,DACTA IV,APARELHO TELEFONICO IP ALCATEL-LUCENT MODELO 8018,Encontrado,,,Mesa do Encarregado (Seção TNAV).
2147857,TNAV,DACTA IV,APARELHO TELEFONICO IP ALCATEL-LUCENT MODELO 8018,Encontrado,,https://fjyptnizrewasterynhu.supabase.co/storage/v1/object/public/fotos_patrimonio/2147857_1789736220645.jpg,Mesa Maia Garcia
2243720,TNAV,DACTA IV,"MICROCOMPUTADOR DELL OPTIPLEX 3000, COM MOUSE E TECLADO.",Encontrado,,https://fjyptnizrewasterynhu.supabase.co/storage/v1/object/public/fotos_patrimonio/2243720_1789739932272.jpg,Ten Pinho
2244138,TNAV,DACTA IV,"MONITOR DELL, DE 23.8"" P2222H.",Encontrado,,https://fjyptnizrewasterynhu.supabase.co/storage/v1/object/public/fotos_patrimonio/2244138_1789739986737.jpg,Ten Pinho 
2270779,TNAV,DACTA IV,NOTEBOOK VAIO FE14VJFE49F11X-B0111H ACOMPANHA WINDOWS 11 PRO COM DOWNGRADE E MOUSE USB POSITIVO SM-6620 (EMPENHO 2023NE000302),Encontrado,,,Rander
2280398,TNAV,DACTA IV,"MICROCOMPUTADOR POSITIVO MASTER C4400 MINIPRO( ROHS),TECLADO ABNT W11 SK 6620 W11 USB, MOUSE USB POSITIVO SM 6620 (EMPENHO 2023NE000301)",Encontrado,,https://fjyptnizrewasterynhu.supabase.co/storage/v1/object/public/fotos_patrimonio/2280398_1789571677924.jpg,Pc da mesa do Guará 
2280399,TNAV,DACTA IV,"MICROCOMPUTADOR POSITIVO MASTER C4400 MINIPRO( ROHS),TECLADO ABNT W11 SK 6620 W11 USB, MOUSE USB POSITIVO SM 6620 (EMPENHO 2023NE000301)",Encontrado,,https://fjyptnizrewasterynhu.supabase.co/storage/v1/object/public/fotos_patrimonio/2280399_1789730733557.jpg,Computador mesa Rander
2280400,TNAV,DACTA IV,"MICROCOMPUTADOR POSITIVO MASTER C4400 MINIPRO( ROHS),TECLADO ABNT W11 SK 6620 W11 USB, MOUSE USB POSITIVO SM 6620 (EMPENHO 2023NE000301)",Encontrado,,https://fjyptnizrewasterynhu.supabase.co/storage/v1/object/public/fotos_patrimonio/2280400_1789736370616.jpg,Mesa Garcia 
2331257,TNAV,DACTA IV,ESTAÇÃO SOLDA E RETRABALHO AR QUENTE YAXUN 902+ 110V (EMPENHO: 2023NE002759),A Movimentar,,https://fjyptnizrewasterynhu.supabase.co/storage/v1/object/public/fotos_patrimonio/2331257_1790272645116.jpg,Material Pertence a seção TTRC - SEÇÃO DE RADIOCOMUNICAÇÃO.
2331744,TNAV,DACTA IV,POLTRONA ESPALDAR ALTO GIRATÓRIA COM BRAÇOS (EMPENHO: 2023NE002737),Encontrado,,https://fjyptnizrewasterynhu.supabase.co/storage/v1/object/public/fotos_patrimonio/2331744_1789734047126.jpg,Cadeira Mesa Maia
2331745,TNAV,DACTA IV,POLTRONA ESPALDAR ALTO GIRATÓRIA COM BRAÇOS (EMPENHO: 2023NE002737),Encontrado,,https://fjyptnizrewasterynhu.supabase.co/storage/v1/object/public/fotos_patrimonio/2331745_1789730998118.jpg,Cadeira mesa Guaracinésio 
2331746,TNAV,DACTA IV,POLTRONA ESPALDAR ALTO GIRATÓRIA COM BRAÇOS (EMPENHO: 2023NE002737),Encontrado,,https://fjyptnizrewasterynhu.supabase.co/storage/v1/object/public/fotos_patrimonio/2331746_1789730856448.jpg,Cadeira mesa R Oliveira 
2331747,TNAV,DACTA IV,POLTRONA ESPALDAR ALTO GIRATÓRIA COM BRAÇOS (EMPENHO: 2023NE002737),Encontrado,,https://fjyptnizrewasterynhu.supabase.co/storage/v1/object/public/fotos_patrimonio/2331747_1789734133363.jpg,Cadeira Garcia
2333894,TNAV,DACTA IV,CADEIRA CAIXA TIPO ALTA COM BRAÇOS (EMPENHO: 2023NE002737),Encontrado,,https://fjyptnizrewasterynhu.supabase.co/storage/v1/object/public/fotos_patrimonio/2333894_1789730787363.jpg,Cadeira na sala 12
2333895,TNAV,DACTA IV,CADEIRA CAIXA TIPO ALTA COM BRAÇOS (EMPENHO: 2023NE002737),Encontrado,,https://fjyptnizrewasterynhu.supabase.co/storage/v1/object/public/fotos_patrimonio/2333895_1789734906177.jpg,Sala 19
2333896,TNAV,DACTA IV,CADEIRA CAIXA TIPO ALTA COM BRAÇOS (EMPENHO: 2023NE002737),Encontrado,,https://fjyptnizrewasterynhu.supabase.co/storage/v1/object/public/fotos_patrimonio/2333896_1789734669642.jpg,Sala 19
2333897,TNAV,DACTA IV,CADEIRA CAIXA TIPO ALTA COM BRAÇOS (EMPENHO: 2023NE002737),Encontrado,,https://fjyptnizrewasterynhu.supabase.co/storage/v1/object/public/fotos_patrimonio/2333897_1789734924073.jpg,Sala 19
2334305,TNAV,DACTA IV,MESA DOBRAVEL 1400X700X740 MM(EMPENHO:2023NE2737),Encontrado,,https://fjyptnizrewasterynhu.supabase.co/storage/v1/object/public/fotos_patrimonio/2334305_1789734264261.jpg,Mesa Maia
2334375,TNAV,DACTA IV,MESA DELTA 1200X1200X600 MM (EMPENHO: 2023NE002737),Encontrado,,,EM FRENTE A MESA DO TEN ELD. Sala da chefia. 
2344423,TNAV,DACTA IV,"MONITOR LG21,5º LED 22BN550Y-B(HDMI/DISPLAYPORT/VGA/VESA/AJUSTE DE ALTURA E INC/PIVOT/FLICKERSAFE/1920X1080 FULL HD/IP (EMPENHO:2024NE000347)",Encontrado,,,Shelther do DVOR EG.
2344428,TNAV,DACTA IV,"MONITOR LG21,5º LED 22BN550Y-B(HDMI/DISPLAYPORT/VGA/VESA/AJUSTE DE ALTURA E INC/PIVOT/FLICKERSAFE/1920X1080 FULL HD/IP (EMPENHO:2024NE000347)",Encontrado,,https://fjyptnizrewasterynhu.supabase.co/storage/v1/object/public/fotos_patrimonio/2344428_1789572091323.jpg,Mesa R Oliveira
2354286,TNAV,DACTA IV,MINI PC UT161AE ULTRA I312100T 8GB 512G(EMPENHO:2024NE000348),A Movimentar,,,Transferir para TIMC.
2354287,TNAV,DACTA IV,MINI PC UT161AE ULTRA I312100T 8GB 512G(EMPENHO:2024NE000348),Encontrado,,https://fjyptnizrewasterynhu.supabase.co/storage/v1/object/public/fotos_patrimonio/2354287_1789571914184.jpg,Computador mesa Anselmo
2376216,TNAV,DACTA IV,NOTEBOOK DATEN 14.0 POL (NF 000084171),Encontrado,,,Ten Pinho
2406968,TNAV,DACTA IV,CT 347/2019 - IACIT - AQUISIÇÃO E IMPLANTAÇÃO DE SISTEMAS INTEGRADOS DME - COLNIZA - MT,A Movimentar,,,Passar carga para DTCEA-PV
2406973,TNAV,DACTA IV,CT 347/2019 - IACIT - AQUISIÇÃO E IMPLANTAÇÃO DE SISTEMAS INTEGRADOS DME -APUÍ - AM,A Movimentar,,,Passar carga para DTCEA-PV
2471560,TNAV,DACTA IV,"MICROCOMPUTADOR, MEMORIA RAM 4 A 8 GB, NUCLEOS POR PROCESSADOR 4 A 8, ARMAZENAMENTO HDD SEM DISCO HDD GB, ARMAZENAMENTO SSD 110 A 300, COMPONENTES ADICIONAIS COM TECLADO E MOUSE, SISTEMA OPERACIONAL OPEN SOURCE, GARANTIA ON SITE SUPERIOR A 36 MESES, GABINETE ULTRACOMPACTO (NF 000.095.649)",Encontrado,,,Shelter do GLIDE EG.
2471734,TNAV,DACTA IV,"MONITOR DATEN LED 23,8 PT FHD DM238 PPB (NF 000.095.649)",Encontrado,,https://fjyptnizrewasterynhu.supabase.co/storage/v1/object/public/fotos_patrimonio/2471734_1790274596957.jpg,Seção TNAV (Mesa do 2S Maia)
